,temperature_2m (Â°C),relative_humidity_2m (%),surface_pressure (hPa),pressure_msl (hPa),wind_speed_10m (km/h),cloud_cover (%),precipitation_probability (%),humidity,pressure,wind_speed,cloud_cover,precip_prob,temp
2025-03-17 00:00:00,17.6,73.0,1020.4,1021.6,4.4,100.0,0.0,,,,,,
2025-03-17 01:00:00,17.4,64.0,1021.4,1022.6,5.6,100.0,0.0,,,,,,
2025-03-17 02:00:00,17.5,65.0,1021.9,1023.1,6.9,100.0,0.0,,,,,,
2025-03-17 03:00:00,17.6,61.0,1022.1,1023.3,7.7,100.0,0.0,,,,,,
2025-03-17 04:00:00,17.3,61.0,1021.2,1022.4,6.6,100.0,0.0,,,,,,
2025-03-17 05:00:00,17.7,61.0,1020.6,1021.8,8.2,100.0,5.0,,,,,,
2025-03-17 06:00:00,18.5,58.0,1019.2,1020.4,5.7,100.0,3.0,,,,,,
2025-03-17 07:00:00,18.6,57.0,1017.9,1019.1,6.4,100.0,0.0,,,,,,
2025-03-17 08:00:00,18.7,57.0,1017.1,1018.3,6.0,100.0,0.0,,,,,,
2025-03-17 09:00:00,18.6,58.0,1016.7,1017.9,5.5,100.0,0.0,,,,,,
2025-03-17 10:00:00,18.4,59.0,1016.9,1018.1,5.8,100.0,0.0,,,,,,
2025-03-17 11:00:00,17.9,63.0,1017.3,1018.5,5.1,100.0,0.0,,,,,,
2025-03-17 12:00:00,17.7,67.0,1018.0,1019.2,5.2,100.0,0.0,,,,,,
2025-03-17 13:00:00,17.4,70.0,1019.3,1020.5,5.6,100.0,0.0,,,,,,
2025-03-17 14:00:00,17.2,75.0,1020.1,1021.3,6.0,100.0,0.0,,,,,,
2025-03-17 15:00:00,16.9,77.0,1020.5,1021.7,4.7,100.0,0.0,,,,,,
2025-03-17 16:00:00,16.7,76.0,1020.5,1021.7,3.5,100.0,0.0,,,,,,
2025-03-17 17:00:00,16.5,75.0,1020.3,1021.5,3.1,100.0,0.0,,,,,,
2025-03-17 18:00:00,16.5,75.0,1021.3,1022.5,1.1,100.0,0.0,,,,,,
2025-03-17 19:00:00,16.5,76.0,1021.3,1022.5,2.9,100.0,0.0,,,,,,
2025-03-17 20:00:00,16.6,75.0,1021.4,1022.6,4.8,100.0,0.0,,,,,,
2025-03-17 21:00:00,16.7,59.0,1021.5,1022.7,9.0,100.0,0.0,,,,,,
2025-03-17 22:00:00,16.2,55.0,1021.7,1022.9,10.6,100.0,0.0,,,,,,
2025-03-17 23:00:00,15.8,57.0,1021.9,1023.1,8.3,100.0,0.0,,,,,,
2025-03-18 00:00:00,16.0,60.0,1023.6,1024.8,5.0,100.0,0.0,,,,,,
2025-03-18 01:00:00,15.9,60.0,1025.0,1026.2,5.7,100.0,0.0,,,,,,
2025-03-18 02:00:00,16.0,62.0,1025.9,1027.1,5.4,100.0,0.0,,,,,,
2025-03-18 03:00:00,16.1,63.0,1026.0,1027.2,5.4,100.0,0.0,,,,,,
2025-03-18 04:00:00,16.6,60.0,1025.2,1026.4,8.4,100.0,0.0,,,,,,
2025-03-18 05:00:00,16.9,56.0,1024.3,1025.5,9.2,100.0,0.0,,,,,,
2025-03-18 06:00:00,18.0,50.0,1022.7,1023.9,8.8,100.0,0.0,,,,,,
2025-03-18 07:00:00,17.9,50.0,1022.0,1023.2,8.5,100.0,0.0,,,,,,
2025-03-18 08:00:00,18.1,51.0,1021.3,1022.5,8.2,100.0,3.0,,,,,,
2025-03-18 09:00:00,18.1,51.0,1021.3,1022.5,6.5,100.0,0.0,,,,,,
2025-03-18 10:00:00,18.0,52.0,1021.1,1022.3,5.8,100.0,3.0,,,,,,
2025-03-18 11:00:00,17.6,55.0,1021.8,1023.0,5.1,100.0,3.0,,,,,,
2025-03-18 12:00:00,18.3,57.0,1022.2,1023.4,2.6,99.0,0.0,,,,,,
2025-03-18 13:00:00,18.0,58.0,1023.3,1024.5,2.5,100.0,0.0,,,,,,
2025-03-18 14:00:00,17.8,59.0,1024.4,1025.6,3.0,83.0,0.0,,,,,,
2025-03-18 15:00:00,17.5,60.0,1024.1,1025.3,3.0,91.0,0.0,,,,,,
2025-03-18 16:00:00,17.1,60.0,1024.2,1025.4,6.0,91.0,0.0,,,,,,
2025-03-18 17:00:00,16.9,58.0,1023.9,1025.1,7.1,100.0,0.0,,,,,,
2025-03-18 18:00:00,17.1,61.0,1024.5,1025.7,6.6,100.0,0.0,,,,,,
2025-03-18 19:00:00,16.9,61.0,1024.1,1025.3,5.8,100.0,0.0,,,,,,
2025-03-18 20:00:00,16.7,62.0,1024.2,1025.4,6.5,100.0,0.0,,,,,,
2025-03-18 21:00:00,16.6,63.0,1024.2,1025.4,6.0,100.0,0.0,,,,,,
2025-03-18 22:00:00,16.5,65.0,1024.2,1025.4,5.2,100.0,0.0,,,,,,
2025-03-18 23:00:00,16.4,65.0,1024.5,1025.7,5.2,100.0,0.0,,,,,,
2025-03-19 00:00:00,16.3,72.0,1025.7,1026.9,5.6,81.0,0.0,,,,,,
2025-03-19 01:00:00,17.2,70.0,1027.0,1028.2,6.8,88.0,0.0,,,,,,
2025-03-19 02:00:00,18.8,61.0,1028.0,1029.2,8.7,82.0,0.0,,,,,,
2025-03-19 03:00:00,19.9,50.0,1027.8,1029.0,12.6,65.0,0.0,,,,,,
2025-03-19 04:00:00,21.1,47.0,1027.0,1028.2,12.0,61.0,0.0,,,,,,
2025-03-19 05:00:00,21.8,44.0,1025.6,1026.8,11.7,77.0,0.0,,,,,,
2025-03-19 06:00:00,23.3,39.0,1024.3,1025.5,9.1,79.0,0.0,,,,,,
2025-03-19 07:00:00,23.6,38.0,1023.1,1024.3,9.3,69.0,0.0,,,,,,
2025-03-19 08:00:00,23.3,38.0,1022.3,1023.5,8.5,82.0,0.0,,,,,,
2025-03-19 09:00:00,22.9,38.0,1021.9,1023.1,7.6,90.0,0.0,,,,,,
2025-03-19 10:00:00,22.6,39.0,1021.5,1022.7,6.6,69.0,0.0,,,,,,
2025-03-19 11:00:00,21.7,43.0,1022.0,1023.2,4.3,78.0,0.0,,,,,,
2025-03-19 12:00:00,20.3,51.0,1022.3,1023.5,4.2,69.0,0.0,,,,,,
2025-03-19 13:00:00,19.6,54.0,1023.3,1024.5,4.7,58.0,0.0,,,,,,
2025-03-19 14:00:00,18.9,55.0,1023.8,1025.0,4.3,54.0,0.0,,,,,,
2025-03-19 15:00:00,18.3,57.0,1024.1,1025.3,3.1,54.0,0.0,,,,,,
2025-03-19 16:00:00,17.9,59.0,1024.0,1025.2,1.8,37.0,0.0,,,,,,
2025-03-19 17:00:00,17.6,60.0,1023.9,1025.1,0.7,79.0,0.0,,,,,,
2025-03-19 18:00:00,17.5,69.0,1024.7,1025.9,1.0,80.0,0.0,,,,,,
2025-03-19 19:00:00,17.3,71.0,1024.3,1025.5,1.5,87.0,0.0,,,,,,
2025-03-19 20:00:00,17.1,71.0,1024.0,1025.2,3.2,81.0,0.0,,,,,,
2025-03-19 21:00:00,16.8,72.0,1023.8,1025.0,4.0,83.0,0.0,,,,,,
2025-03-19 22:00:00,16.6,72.0,1023.9,1025.1,5.2,83.0,0.0,,,,,,
2025-03-19 23:00:00,16.4,72.0,1023.9,1025.1,5.7,73.0,0.0,,,,,,
2025-03-20 00:00:00,16.8,73.0,1025.2,1026.4,6.4,82.0,0.0,,,,,,
2025-03-20 01:00:00,18.1,69.0,1025.8,1027.0,7.3,76.0,0.0,,,,,,
2025-03-20 02:00:00,20.0,61.0,1026.6,1027.8,9.5,75.0,0.0,,,,,,
2025-03-20 03:00:00,21.6,55.0,1026.0,1027.2,8.9,63.0,0.0,,,,,,
2025-03-20 04:00:00,23.4,45.0,1025.1,1026.3,7.8,46.0,0.0,,,,,,
2025-03-20 05:00:00,24.6,40.0,1023.6,1024.8,5.4,31.0,0.0,,,,,,
2025-03-20 06:00:00,24.6,39.0,1022.1,1023.3,4.6,25.0,0.0,,,,,,
2025-03-20 07:00:00,25.1,37.0,1020.7,1021.9,2.9,25.0,0.0,,,,,,
2025-03-20 08:00:00,25.2,35.0,1019.5,1020.7,0.8,28.0,0.0,,,,,,
2025-03-20 09:00:00,25.0,36.0,1018.9,1020.1,1.0,27.0,0.0,,,,,,
2025-03-20 10:00:00,24.6,38.0,1018.4,1019.6,3.1,34.0,0.0,,,,,,
2025-03-20 11:00:00,23.5,44.0,1019.0,1020.2,3.9,45.0,0.0,,,,,,
2025-03-20 12:00:00,22.5,49.0,1019.2,1020.4,3.2,66.0,0.0,,,,,,
2025-03-20 13:00:00,21.3,55.0,1020.7,1021.9,5.4,62.0,0.0,,,,,,
2025-03-20 14:00:00,20.0,46.0,1021.6,1022.8,10.7,57.0,0.0,,,,,,
2025-03-20 15:00:00,19.2,45.0,1022.0,1023.2,9.0,73.0,0.0,,,,,,
2025-03-20 16:00:00,18.6,49.0,1022.0,1023.2,8.6,72.0,0.0,,,,,,
2025-03-20 17:00:00,18.2,53.0,1022.1,1023.3,6.4,71.0,0.0,,,,,,
2025-03-20 18:00:00,17.8,64.0,1022.5,1023.7,4.6,74.0,0.0,,,,,,
2025-03-20 19:00:00,17.5,66.0,1021.6,1022.8,3.3,56.0,0.0,,,,,,
2025-03-20 20:00:00,17.4,66.0,1021.7,1022.9,2.7,72.0,0.0,,,,,,
2025-03-20 21:00:00,17.4,65.0,1021.7,1022.9,3.1,72.0,0.0,,,,,,
2025-03-20 22:00:00,17.0,67.0,1022.1,1023.3,3.1,75.0,0.0,,,,,,
2025-03-20 23:00:00,17.0,68.0,1022.4,1023.6,2.1,51.0,0.0,,,,,,
2025-03-21 00:00:00,17.1,74.0,1023.3,1024.5,1.1,68.0,0.0,,,,,,
2025-03-21 01:00:00,18.4,70.0,1023.9,1025.1,0.4,45.0,0.0,,,,,,
2025-03-21 02:00:00,20.5,64.0,1024.3,1025.5,2.7,4.0,0.0,,,,,,
2025-03-21 03:00:00,22.6,54.0,1023.9,1025.1,4.9,0.0,0.0,,,,,,
2025-03-21 04:00:00,24.1,48.0,1022.8,1024.0,7.4,0.0,0.0,,,,,,
2025-03-21 05:00:00,25.2,45.0,1021.6,1022.8,7.1,26.0,0.0,,,,,,
2025-03-21 06:00:00,26.1,38.0,1020.5,1021.7,4.8,0.0,0.0,,,,,,
2025-03-21 07:00:00,26.6,37.0,1019.0,1020.2,8.1,0.0,0.0,,,,,,
2025-03-21 08:00:00,26.7,37.0,1017.7,1018.9,11.3,0.0,0.0,,,,,,
2025-03-21 09:00:00,26.3,38.0,1016.9,1018.1,11.9,0.0,0.0,,,,,,
2025-03-21 10:00:00,25.6,41.0,1017.0,1018.2,11.9,0.0,0.0,,,,,,
2025-03-21 11:00:00,24.3,47.0,1017.2,1018.4,10.9,0.0,0.0,,,,,,
2025-03-21 12:00:00,22.8,46.0,1017.9,1019.1,10.7,0.0,0.0,,,,,,
2025-03-21 13:00:00,21.2,50.0,1018.7,1019.9,10.5,0.0,0.0,,,,,,
2025-03-21 14:00:00,20.0,55.0,1019.2,1020.4,9.7,0.0,0.0,,,,,,
2025-03-21 15:00:00,19.0,60.0,1019.4,1020.6,8.4,0.0,0.0,,,,,,
2025-03-21 16:00:00,18.2,64.0,1019.2,1020.4,7.9,0.0,0.0,,,,,,
2025-03-21 17:00:00,17.6,67.0,1018.9,1020.1,7.4,0.0,0.0,,,,,,
2025-03-21 18:00:00,17.0,70.0,1018.9,1020.1,7.1,0.0,0.0,,,,,,
2025-03-21 19:00:00,16.6,73.0,1018.4,1019.6,7.1,22.0,0.0,,,,,,
2025-03-21 20:00:00,16.2,76.0,1018.7,1019.9,7.0,0.0,0.0,,,,,,
2025-03-21 21:00:00,15.9,78.0,1019.1,1020.3,6.9,1.0,0.0,,,,,,
2025-03-21 22:00:00,15.8,80.0,1019.3,1020.5,5.8,0.0,0.0,,,,,,
2025-03-21 23:00:00,15.6,82.0,1019.5,1020.7,5.1,0.0,0.0,,,,,,
2025-03-22 00:00:00,16.1,82.0,1020.3,1021.5,3.8,0.0,0.0,,,,,,
2025-03-22 01:00:00,18.3,75.0,1021.2,1022.4,3.8,0.0,0.0,,,,,,
2025-03-22 02:00:00,21.0,63.0,1021.9,1023.1,4.7,0.0,0.0,,,,,,
2025-03-22 03:00:00,23.1,53.0,1021.6,1022.8,6.9,4.0,0.0,,,,,,
2025-03-22 04:00:00,24.5,50.0,1020.9,1022.1,6.6,0.0,0.0,,,,,,
2025-03-22 05:00:00,25.8,47.0,1019.3,1020.5,6.9,14.0,0.0,,,,,,
2025-03-22 06:00:00,26.7,43.0,1017.9,1019.1,7.2,7.0,0.0,,,,,,
2025-03-22 07:00:00,27.3,41.0,1016.2,1017.4,8.8,4.0,0.0,,,,,,
2025-03-22 08:00:00,27.6,40.0,1015.3,1016.5,9.6,0.0,0.0,,,,,,
2025-03-22 09:00:00,27.5,40.0,1014.7,1015.9,9.8,0.0,0.0,,,,,,
2025-03-22 10:00:00,27.0,42.0,1014.5,1015.7,10.2,0.0,0.0,,,,,,
2025-03-22 11:00:00,25.9,48.0,1014.8,1016.0,9.2,0.0,0.0,,,,,,
2025-03-22 12:00:00,23.9,62.0,1015.7,1016.9,11.9,0.0,0.0,,,,,,
2025-03-22 13:00:00,22.0,68.0,1016.5,1017.7,16.0,0.0,0.0,,,,,,
2025-03-22 14:00:00,20.8,75.0,1017.2,1018.4,13.6,0.0,0.0,,,,,,
2025-03-22 15:00:00,19.9,79.0,1017.7,1018.9,12.0,0.0,0.0,,,,,,
2025-03-22 16:00:00,19.1,84.0,1017.8,1019.0,10.7,0.0,0.0,,,,,,
2025-03-22 17:00:00,18.4,88.0,1017.5,1018.7,9.8,0.0,0.0,,,,,,
2025-03-22 18:00:00,18.1,93.0,1017.0,1018.2,9.8,28.0,0.0,,,,,,
2025-03-22 19:00:00,17.7,95.0,1016.3,1017.5,9.2,40.0,0.0,,,,,,
2025-03-22 20:00:00,17.5,96.0,1016.2,1017.4,8.2,48.0,0.0,,,,,,
2025-03-22 21:00:00,17.3,97.0,1015.9,1017.1,7.3,54.0,0.0,,,,,,
2025-03-22 22:00:00,17.1,97.0,1015.9,1017.1,6.2,56.0,0.0,,,,,,
2025-03-22 23:00:00,17.0,97.0,1016.3,1017.5,5.2,53.0,0.0,,,,,,
2025-03-23 00:00:00,17.6,95.0,1017.5,1018.7,5.4,52.0,0.0,,,,,,
2025-03-23 01:00:00,19.2,89.0,1018.9,1020.1,7.1,49.0,0.0,,,,,,
2025-03-23 02:00:00,21.1,81.0,1019.1,1020.3,8.1,48.0,0.0,,,,,,
2025-03-23 03:00:00,22.8,74.0,1019.0,1020.2,8.9,57.0,0.0,,,,,,
2025-03-23 04:00:00,24.3,67.0,1018.0,1019.2,8.7,64.0,0.0,,,,,,
2025-03-23 05:00:00,25.3,64.0,1016.7,1017.9,7.9,57.0,0.0,,,,,,
2025-03-23 06:00:00,26.2,60.0,1015.1,1016.3,7.7,56.0,0.0,,,,,,
2025-03-23 07:00:00,26.8,59.0,1013.9,1015.1,9.0,50.0,0.0,,,,,,
2025-03-23 08:00:00,27.1,57.0,1013.0,1014.2,10.9,43.0,0.0,,,,,,
2025-03-23 09:00:00,27.2,55.0,1012.3,1013.5,11.8,35.0,0.0,,,,,,
2025-03-23 10:00:00,26.8,56.0,1011.7,1012.9,12.7,33.0,0.0,,,,,,
2025-03-23 11:00:00,26.0,58.0,1012.3,1013.5,11.8,3.0,0.0,,,,,,
2025-03-23 12:00:00,24.7,68.0,1012.7,1013.9,14.7,25.0,0.0,,,,,,
2025-03-23 13:00:00,23.0,67.0,1014.0,1015.2,15.9,0.0,0.0,,,,,,
2025-03-23 14:00:00,21.8,72.0,1014.7,1015.9,12.3,0.0,0.0,,,,,,
2025-03-23 15:00:00,20.8,78.0,1015.3,1016.5,11.2,0.0,0.0,,,,,,
2025-03-23 16:00:00,19.9,83.0,1015.1,1016.3,10.4,0.0,0.0,,,,,,
2025-03-23 17:00:00,19.3,87.0,1014.9,1016.1,9.3,0.0,0.0,,,,,,
2025-03-23 18:00:00,19.1,89.0,1014.8,1016.0,7.3,0.0,0.0,,,,,,
2025-03-23 19:00:00,18.7,91.0,1014.0,1015.2,6.3,0.0,0.0,,,,,,
2025-03-23 20:00:00,18.5,92.0,1013.9,1015.1,4.8,0.0,0.0,,,,,,
2025-03-23 21:00:00,18.3,93.0,1013.7,1014.9,3.0,0.0,0.0,,,,,,
2025-03-23 22:00:00,18.2,93.0,1013.8,1015.0,1.8,0.0,0.0,,,,,,
2025-03-23 23:00:00,18.1,93.0,1013.9,1015.1,1.1,0.0,0.0,,,,,,
2025-03-24 00:00:00,18.9,93.0,1014.2,1015.4,2.3,40.0,0.0,,,,,,
2025-03-24 01:00:00,20.5,86.0,1015.2,1016.4,2.9,40.0,0.0,,,,,,
2025-03-24 02:00:00,22.2,79.0,1015.2,1016.4,2.9,46.0,0.0,,,,,,
2025-03-24 03:00:00,23.8,72.0,1015.2,1016.4,2.9,52.0,0.0,,,,,,
2025-03-24 04:00:00,25.5,67.0,1014.1,1015.3,2.9,41.0,0.0,,,,,,
2025-03-24 05:00:00,27.1,61.0,1013.0,1014.2,4.3,36.0,0.0,,,,,,
2025-03-24 06:00:00,27.5,58.0,1011.8,1013.0,3.4,35.0,0.0,,,,,,
2025-03-24 07:00:00,28.4,56.0,1010.3,1011.4,3.1,6.0,0.0,,,,,,
2025-03-24 08:00:00,29.1,55.0,1008.8,1009.9,4.3,0.0,0.0,,,,,,
2025-03-24 09:00:00,29.3,56.0,1008.1,1009.2,7.6,6.0,0.0,,,,,,
2025-03-24 10:00:00,28.9,55.0,1007.9,1009.0,10.0,0.0,0.0,,,,,,
2025-03-24 11:00:00,27.8,58.0,1008.2,1009.3,11.2,0.0,0.0,,,,,,
2025-03-24 12:00:00,26.6,65.0,1008.0,1009.1,9.6,0.0,0.0,,,,,,
2025-03-24 13:00:00,25.0,74.0,1009.0,1010.2,15.9,0.0,0.0,,,,,,
2025-03-24 14:00:00,23.5,72.0,1009.9,1011.1,14.8,0.0,0.0,,,,,,
2025-03-24 15:00:00,22.5,74.0,1010.3,1011.5,13.8,0.0,0.0,,,,,,
2025-03-24 16:00:00,21.7,79.0,1010.0,1011.2,13.2,0.0,0.0,,,,,,
2025-03-24 17:00:00,21.1,82.0,1009.7,1010.9,12.5,0.0,0.0,,,,,,
2025-03-24 18:00:00,20.6,86.0,1008.6,1009.8,10.1,0.0,0.0,,,,,,
2025-03-24 19:00:00,20.2,90.0,1007.7,1008.9,9.6,28.0,0.0,,,,,,
2025-03-24 20:00:00,19.9,93.0,1007.7,1008.9,8.1,50.0,0.0,,,,,,
2025-03-24 21:00:00,19.8,94.0,1007.9,1009.1,6.9,79.0,0.0,,,,,,
2025-03-24 22:00:00,19.7,95.0,1007.8,1009.0,7.6,73.0,0.0,,,,,,
2025-03-24 23:00:00,19.7,96.0,1008.1,1009.3,7.3,81.0,5.0,,,,,,
2025-03-25 00:00:00,20.1,95.0,1008.4,1009.6,5.5,81.0,3.0,,,,,,
2025-03-25 01:00:00,21.3,91.0,1009.0,1010.2,7.1,92.0,0.0,,,,,,
2025-03-25 02:00:00,22.6,85.0,1009.2,1010.4,6.0,86.0,0.0,,,,,,
2025-03-25 03:00:00,24.0,79.0,1009.0,1010.2,4.3,84.0,0.0,,,,,,
2025-03-25 04:00:00,26.2,69.0,1008.3,1009.5,6.9,68.0,0.0,,,,,,
2025-03-25 05:00:00,28.1,63.0,1007.3,1008.4,6.9,33.0,0.0,,,,,,
2025-03-25 06:00:00,27.4,62.0,1006.0,1007.1,5.1,86.0,0.0,,,,,,
2025-03-25 07:00:00,28.8,59.0,1004.9,1006.0,5.8,7.0,0.0,,,,,,
2025-03-25 08:00:00,29.5,59.0,1003.7,1004.8,7.9,25.0,0.0,,,,,,
2025-03-25 09:00:00,29.6,59.0,1003.2,1004.3,10.1,20.0,0.0,,,,,,
2025-03-25 10:00:00,29.1,61.0,1003.2,1004.3,11.3,36.0,0.0,,,,,,
2025-03-25 11:00:00,27.9,63.0,1003.9,1005.0,11.9,0.0,0.0,,,,,,
2025-03-25 12:00:00,26.6,67.0,1004.1,1005.2,11.6,0.0,5.0,,,,,,
2025-03-25 13:00:00,25.0,70.0,1005.2,1006.4,13.7,32.0,3.0,,,,,,
2025-03-25 14:00:00,23.9,73.0,1005.9,1007.1,13.3,37.0,28.0,,,,,,
2025-03-25 15:00:00,23.0,77.0,1006.3,1007.5,12.4,38.0,48.0,,,,,,
2025-03-25 16:00:00,22.4,80.0,1005.9,1007.1,11.9,43.0,38.0,,,,,,
2025-03-25 17:00:00,22.0,83.0,1005.3,1006.5,11.5,59.0,35.0,,,,,,
2025-03-25 18:00:00,21.5,89.0,1005.2,1006.4,10.3,50.0,35.0,,,,,,
2025-03-25 19:00:00,21.2,90.0,1004.9,1006.1,10.1,58.0,10.0,,,,,,
2025-03-25 20:00:00,21.1,91.0,1004.7,1005.9,9.4,64.0,10.0,,,,,,
2025-03-25 21:00:00,20.9,92.0,1004.4,1005.6,9.1,61.0,3.0,,,,,,
2025-03-25 22:00:00,20.8,93.0,1004.4,1005.6,9.5,58.0,3.0,,,,,,
2025-03-25 23:00:00,20.6,94.0,1004.7,1005.9,8.7,71.0,5.0,,,,,,
2025-03-26 00:00:00,21.0,93.0,1005.6,1006.8,10.2,67.0,0.0,,,,,,
2025-03-26 01:00:00,22.3,86.0,1006.4,1007.6,10.2,63.0,0.0,,,,,,
2025-03-26 02:00:00,23.9,77.0,1007.2,1008.4,10.4,80.0,0.0,,,,,,
2025-03-26 03:00:00,26.1,69.0,1006.9,1008.1,10.1,85.0,0.0,,,,,,
2025-03-26 04:00:00,27.3,69.0,1006.9,1008.0,8.6,58.0,0.0,,,,,,
2025-03-26 05:00:00,28.5,64.0,1005.1,1006.2,8.7,97.0,0.0,,,,,,
2025-03-26 06:00:00,28.8,62.0,1003.7,1004.8,7.4,92.0,0.0,,,,,,
2025-03-26 07:00:00,29.7,61.0,1002.4,1003.5,9.3,66.0,0.0,,,,,,
2025-03-26 08:00:00,29.9,62.0,1001.3,1002.4,11.2,21.0,0.0,,,,,,
2025-03-26 09:00:00,29.7,63.0,1001.0,1002.1,11.9,29.0,0.0,,,,,,
2025-03-26 10:00:00,28.9,66.0,1000.7,1001.8,13.0,38.0,0.0,,,,,,
2025-03-26 11:00:00,27.4,69.0,1001.4,1002.5,14.8,38.0,0.0,,,,,,
2025-03-26 12:00:00,25.3,76.0,1001.6,1002.7,13.8,28.0,0.0,,,,,,
2025-03-26 13:00:00,24.0,81.0,1002.6,1003.8,13.3,76.0,0.0,,,,,,
2025-03-26 14:00:00,23.3,80.0,1003.0,1004.2,12.2,25.0,10.0,,,,,,
2025-03-26 15:00:00,22.8,85.0,1003.1,1004.3,11.2,67.0,13.0,,,,,,
2025-03-26 16:00:00,22.6,87.0,1003.0,1004.2,10.7,91.0,5.0,,,,,,
2025-03-26 17:00:00,22.5,88.0,1003.0,1004.2,10.7,91.0,5.0,,,,,,
2025-03-26 18:00:00,22.3,90.0,1002.8,1004.0,9.7,86.0,8.0,,,,,,
2025-03-26 19:00:00,22.3,91.0,1002.1,1003.3,9.4,75.0,0.0,,,,,,
2025-03-26 20:00:00,22.2,92.0,1002.1,1003.3,8.4,83.0,0.0,,,,,,
2025-03-26 21:00:00,22.1,93.0,1002.1,1003.3,7.1,73.0,0.0,,,,,,
2025-03-26 22:00:00,22.2,93.0,1001.8,1003.0,9.7,79.0,0.0,,,,,,
2025-03-26 23:00:00,22.3,92.0,1002.2,1003.4,8.4,79.0,0.0,,,,,,
2025-03-27 00:00:00,22.5,92.0,1002.7,1003.9,9.1,86.0,0.0,,,,,,
2025-03-27 01:00:00,23.6,87.0,1003.5,1004.7,11.9,87.0,0.0,,,,,,
2025-03-27 02:00:00,25.1,81.0,1003.7,1004.8,11.5,88.0,0.0,,,,,,
2025-03-27 03:00:00,26.4,77.0,1004.0,1005.1,11.2,87.0,0.0,,,,,,
2025-03-27 04:00:00,28.1,70.0,1003.5,1004.6,10.2,77.0,0.0,,,,,,
2025-03-27 05:00:00,29.9,66.0,1002.3,1003.4,10.2,39.0,0.0,,,,,,
2025-03-27 06:00:00,30.3,65.0,1001.3,1002.4,8.4,37.0,0.0,,,,,,
2025-03-27 07:00:00,30.9,65.0,999.8,1000.9,10.2,52.0,0.0,,,,,,
2025-03-27 08:00:00,31.2,66.0,999.4,1000.5,11.7,49.0,0.0,,,,,,
2025-03-27 09:00:00,30.8,66.0,998.7,999.8,13.7,50.0,0.0,,,,,,
2025-03-27 10:00:00,29.3,73.0,999.1,1000.2,14.3,38.0,0.0,,,,,,
2025-03-27 11:00:00,27.4,79.0,999.6,1000.7,13.5,45.0,0.0,,,,,,
2025-03-27 12:00:00,25.1,86.0,1000.1,1001.2,10.6,83.0,0.0,,,,,,
2025-03-27 13:00:00,24.4,89.0,1001.3,1002.5,9.8,86.0,0.0,,,,,,
2025-03-27 14:00:00,23.9,91.0,1002.1,1003.3,9.6,90.0,0.0,,,,,,
2025-03-27 15:00:00,23.6,92.0,1002.0,1003.2,8.8,90.0,0.0,,,,,,
2025-03-27 16:00:00,23.4,93.0,1002.2,1003.4,9.1,89.0,0.0,,,,,,
2025-03-27 17:00:00,23.2,94.0,1002.4,1003.6,7.2,89.0,0.0,,,,,,
2025-03-27 18:00:00,23.3,94.0,1002.3,1003.5,6.6,79.0,0.0,,,,,,
2025-03-27 19:00:00,23.2,94.0,1002.3,1003.5,6.2,84.0,0.0,,,,,,
2025-03-27 20:00:00,23.1,94.0,1002.4,1003.6,5.4,95.0,0.0,,,,,,
2025-03-27 21:00:00,23.1,94.0,1003.3,1004.5,5.1,93.0,0.0,,,,,,
2025-03-27 22:00:00,23.2,94.0,1004.4,1005.6,5.4,96.0,0.0,,,,,,
2025-03-27 23:00:00,23.3,94.0,1005.3,1006.5,5.0,99.0,0.0,,,,,,
2025-03-28 00:00:00,23.2,93.0,1006.1,1007.3,4.5,93.0,0.0,,,,,,
2025-03-28 01:00:00,24.0,91.0,1007.6,1008.8,6.4,97.0,0.0,,,,,,
2025-03-28 02:00:00,25.3,85.0,1007.9,1009.1,6.6,83.0,0.0,,,,,,
2025-03-28 03:00:00,26.6,79.0,1008.4,1009.5,6.3,86.0,0.0,,,,,,
2025-03-28 04:00:00,27.9,75.0,1007.7,1008.8,6.6,88.0,0.0,,,,,,
2025-03-28 05:00:00,28.9,72.0,1007.2,1008.3,5.7,86.0,0.0,,,,,,
2025-03-28 06:00:00,29.5,71.0,1005.9,1007.0,5.8,78.0,0.0,,,,,,
2025-03-28 07:00:00,30.4,67.0,1004.8,1005.9,6.9,75.0,0.0,,,,,,
2025-03-28 08:00:00,30.6,65.0,1004.0,1005.1,9.2,89.0,0.0,,,,,,
2025-03-28 09:00:00,29.9,69.0,1003.7,1004.8,11.5,76.0,0.0,,,,,,
2025-03-28 10:00:00,28.8,74.0,1004.3,1005.4,12.7,72.0,0.0,,,,,,
2025-03-28 11:00:00,27.2,83.0,1004.8,1005.9,13.0,63.0,0.0,,,,,,
2025-03-28 12:00:00,25.8,86.0,1005.4,1006.5,12.4,79.0,0.0,,,,,,
2025-03-28 13:00:00,25.2,88.0,1006.2,1007.4,10.7,65.0,0.0,,,,,,
2025-03-28 14:00:00,24.8,88.0,1007.7,1008.9,8.9,84.0,0.0,,,,,,
2025-03-28 15:00:00,24.6,89.0,1008.4,1009.6,8.9,96.0,0.0,,,,,,
2025-03-28 16:00:00,24.3,89.0,1008.8,1010.0,8.9,97.0,8.0,,,,,,
2025-03-28 17:00:00,24.0,90.0,1008.7,1009.9,8.6,91.0,38.0,,,,,,
2025-03-28 18:00:00,23.8,93.0,1008.3,1009.5,11.1,96.0,75.0,,,,,,
2025-03-28 19:00:00,23.6,93.0,1008.1,1009.3,11.2,100.0,75.0,,,,,,
2025-03-28 20:00:00,23.7,94.0,1008.3,1009.5,10.9,100.0,63.0,,,,,,
2025-03-28 21:00:00,22.2,77.0,1009.3,1010.5,18.4,100.0,55.0,,,,,,
2025-03-28 22:00:00,20.0,73.0,1010.4,1011.6,18.5,95.0,33.0,,,,,,
2025-03-28 23:00:00,19.2,70.0,1011.2,1012.4,18.0,100.0,25.0,,,,,,
2025-03-29 00:00:00,18.3,77.0,1012.7,1013.9,17.4,96.0,13.0,,,,,,
2025-03-29 01:00:00,17.7,74.0,1014.3,1015.5,17.3,100.0,13.0,,,,,,
2025-03-29 02:00:00,17.4,73.0,1015.5,1016.7,18.1,100.0,15.0,,,,,,
2025-03-29 03:00:00,17.2,71.0,1015.9,1017.1,17.1,100.0,23.0,,,,,,
2025-03-29 04:00:00,17.4,71.0,1016.3,1017.5,15.2,97.0,30.0,,,,,,
2025-03-29 05:00:00,17.5,70.0,1016.2,1017.4,15.0,99.0,23.0,,,,,,
2025-03-29 06:00:00,17.5,72.0,1015.3,1016.5,14.0,100.0,20.0,,,,,,
2025-03-29 07:00:00,17.0,72.0,1014.9,1016.1,12.8,100.0,23.0,,,,,,
2025-03-29 08:00:00,16.6,74.0,1014.6,1015.8,11.8,100.0,20.0,,,,,,
2025-03-29 09:00:00,16.1,75.0,1014.8,1016.0,11.3,100.0,13.0,,,,,,
2025-03-29 10:00:00,15.7,76.0,1015.2,1016.4,11.1,100.0,8.0,,,,,,
2025-03-29 11:00:00,15.6,76.0,1015.9,1017.1,10.2,100.0,3.0,,,,,,
2025-03-29 12:00:00,15.5,76.0,1016.1,1017.3,10.5,100.0,5.0,,,,,,
2025-03-29 13:00:00,15.2,77.0,1017.1,1018.3,9.5,100.0,15.0,,,,,,
2025-03-29 14:00:00,15.0,78.0,1018.1,1019.3,9.1,100.0,25.0,,,,,,
2025-03-29 15:00:00,14.8,79.0,1018.7,1019.9,8.3,100.0,35.0,,,,,,
2025-03-29 16:00:00,14.5,80.0,1018.9,1020.1,9.3,100.0,40.0,,,,,,
2025-03-29 17:00:00,14.3,80.0,1018.8,1020.0,9.6,100.0,43.0,,,,,,
2025-03-29 18:00:00,13.6,82.0,1019.2,1020.4,9.3,100.0,40.0,,,,,,
2025-03-29 19:00:00,13.4,81.0,1019.3,1020.5,10.5,100.0,28.0,,,,,,
2025-03-29 20:00:00,13.2,79.0,1019.4,1020.6,10.4,100.0,20.0,,,,,,
2025-03-29 21:00:00,13.1,78.0,1019.5,1020.7,9.6,100.0,15.0,,,,,,
2025-03-29 22:00:00,12.9,77.0,1019.9,1021.1,9.7,100.0,8.0,,,,,,
2025-03-29 23:00:00,12.7,77.0,1020.4,1021.6,10.0,100.0,0.0,,,,,,
2025-03-30 00:00:00,12.7,78.0,1021.2,1022.4,8.9,100.0,0.0,,,,,,
2025-03-30 01:00:00,12.8,78.0,1022.5,1023.7,8.6,100.0,0.0,,,,,,
2025-03-30 02:00:00,13.0,79.0,1023.2,1024.4,8.7,100.0,0.0,,,,,,
2025-03-30 03:00:00,13.4,77.0,1023.8,1025.0,10.6,100.0,0.0,,,,,,
2025-03-30 04:00:00,13.7,75.0,1023.1,1024.3,11.6,100.0,0.0,,,,,,
2025-03-30 05:00:00,14.0,74.0,1022.4,1023.6,11.5,100.0,0.0,,,,,,
2025-03-30 06:00:00,15.1,70.0,1020.6,1021.8,9.8,100.0,0.0,,,,,,
2025-03-30 07:00:00,15.1,69.0,1019.8,1021.0,9.1,100.0,0.0,,,,,,
2025-03-30 08:00:00,15.3,68.0,1018.9,1020.1,8.9,100.0,0.0,,,,,,
2025-03-30 09:00:00,15.0,68.0,1018.7,1019.9,7.8,100.0,0.0,,,,,,
2025-03-30 10:00:00,14.8,69.0,1018.8,1020.0,6.9,100.0,0.0,,,,,,
2025-03-30 11:00:00,14.5,69.0,1019.2,1020.4,5.6,100.0,0.0,,,,,,
2025-03-30 12:00:00,15.1,69.0,1019.0,1020.2,4.1,100.0,0.0,,,,,,
2025-03-30 13:00:00,14.8,70.0,1019.4,1020.6,3.8,100.0,0.0,,,,,,
2025-03-30 14:00:00,14.7,72.0,1019.8,1021.0,3.8,100.0,0.0,,,,,,
2025-03-30 15:00:00,14.6,72.0,1019.8,1021.0,3.9,100.0,0.0,,,,,,
2025-03-30 16:00:00,14.5,72.0,1019.7,1020.9,4.3,100.0,0.0,,,,,,
2025-03-30 17:00:00,14.3,73.0,1019.7,1020.9,4.7,100.0,0.0,,,,,,
2025-03-30 18:00:00,14.2,70.0,1020.0,1021.2,5.7,100.0,0.0,,,,,,
2025-03-30 19:00:00,14.0,69.0,1019.6,1020.8,7.3,100.0,0.0,,,,,,
2025-03-30 20:00:00,13.8,66.0,1019.8,1021.0,8.9,100.0,0.0,,,,,,
2025-03-30 21:00:00,13.6,65.0,1019.5,1020.7,9.3,100.0,0.0,,,,,,
2025-03-30 22:00:00,13.4,65.0,1019.9,1021.1,9.1,100.0,0.0,,,,,,
2025-03-30 23:00:00,13.2,66.0,1019.9,1021.1,8.8,100.0,0.0,,,,,,
2025-03-31 00:00:00,13.2,70.0,1021.1,1022.3,7.3,100.0,0.0,,,,,,
2025-03-31 01:00:00,13.4,71.0,1022.0,1023.2,6.9,100.0,0.0,,,,,,
2025-03-31 02:00:00,13.9,71.0,1022.6,1023.8,7.6,100.0,0.0,,,,,,
2025-03-31 03:00:00,14.3,68.0,1022.7,1023.9,8.3,100.0,0.0,,,,,,
2025-03-31 04:00:00,14.3,67.0,1021.8,1023.0,8.0,100.0,0.0,,,,,,
2025-03-31 05:00:00,14.7,66.0,1020.9,1022.1,8.0,100.0,0.0,,,,,,
2025-03-31 06:00:00,16.6,59.0,1018.5,1019.7,7.4,100.0,0.0,,,,,,
2025-03-31 07:00:00,16.6,59.0,1017.3,1018.5,7.3,100.0,0.0,,,,,,
2025-03-31 08:00:00,16.7,60.0,1016.4,1017.6,6.3,100.0,0.0,,,,,,
2025-03-31 09:00:00,16.7,62.0,1016.0,1017.2,5.7,100.0,0.0,,,,,,
2025-03-31 10:00:00,16.6,63.0,1016.4,1017.6,5.4,100.0,0.0,,,,,,
2025-03-31 11:00:00,16.2,66.0,1017.2,1018.4,4.8,98.0,0.0,,,,,,
2025-03-31 12:00:00,16.6,67.0,1017.4,1018.6,3.1,100.0,0.0,,,,,,
2025-03-31 13:00:00,16.4,68.0,1018.3,1019.5,2.6,100.0,0.0,,,,,,
2025-03-31 14:00:00,16.4,67.0,1018.9,1020.1,1.5,100.0,0.0,,,,,,
2025-03-31 15:00:00,16.3,67.0,1019.0,1020.2,2.3,100.0,0.0,,,,,,
2025-03-31 16:00:00,16.1,68.0,1019.0,1020.2,3.0,100.0,0.0,,,,,,
2025-03-31 17:00:00,15.9,69.0,1019.1,1020.3,3.8,100.0,0.0,,,,,,
2025-03-31 18:00:00,15.9,70.0,1019.8,1021.0,4.4,100.0,0.0,,,,,,
2025-03-31 19:00:00,15.7,70.0,1019.0,1020.2,4.7,100.0,0.0,,,,,,
2025-03-31 20:00:00,15.6,70.0,1018.5,1019.7,5.1,100.0,0.0,,,,,,
2025-03-31 21:00:00,15.5,70.0,1018.2,1019.4,5.2,100.0,0.0,,,,,,
2025-03-31 22:00:00,15.5,70.0,1018.6,1019.8,4.4,100.0,0.0,,,,,,
2025-03-31 23:00:00,15.5,70.0,1019.2,1020.4,3.8,100.0,0.0,,,,,,
2025-04-01 00:00:00,15.7,72.0,1020.6,1021.8,3.1,100.0,0.0,,,,,,
2025-04-01 01:00:00,16.5,68.0,1021.4,1022.6,2.7,100.0,0.0,,,,,,
2025-04-01 02:00:00,17.1,65.0,1021.5,1022.7,2.8,100.0,0.0,,,,,,
2025-04-01 03:00:00,17.9,61.0,1021.7,1022.9,4.1,96.0,0.0,,,,,,
2025-04-01 04:00:00,19.1,55.0,1020.8,1022.0,5.8,93.0,0.0,,,,,,
2025-04-01 05:00:00,20.4,51.0,1019.9,1021.1,6.9,81.0,0.0,,,,,,
2025-04-01 06:00:00,21.6,49.0,1017.7,1018.9,5.2,88.0,0.0,,,,,,
2025-04-01 07:00:00,21.6,51.0,1016.4,1017.6,5.6,96.0,0.0,,,,,,
2025-04-01 08:00:00,21.6,53.0,1015.3,1016.5,5.1,92.0,0.0,,,,,,
2025-04-01 09:00:00,21.8,54.0,1014.6,1015.8,5.4,79.0,0.0,,,,,,
2025-04-01 10:00:00,21.5,55.0,1014.8,1016.0,4.8,89.0,0.0,,,,,,
2025-04-01 11:00:00,20.8,57.0,1015.1,1016.3,4.0,56.0,0.0,,,,,,
2025-04-01 12:00:00,20.2,62.0,1015.1,1016.3,2.5,75.0,0.0,,,,,,
2025-04-01 13:00:00,19.9,62.0,1015.8,1017.0,2.3,94.0,0.0,,,,,,
2025-04-01 14:00:00,19.7,61.0,1016.3,1017.5,2.4,92.0,0.0,,,,,,
2025-04-01 15:00:00,19.4,62.0,1016.7,1017.9,3.1,92.0,0.0,,,,,,
2025-04-01 16:00:00,19.1,64.0,1016.7,1017.9,3.3,97.0,0.0,,,,,,
2025-04-01 17:00:00,18.7,68.0,1016.9,1018.1,4.1,95.0,0.0,,,,,,
2025-04-01 18:00:00,18.1,75.0,1017.6,1018.8,6.5,86.0,0.0,,,,,,
2025-04-01 19:00:00,17.3,75.0,1017.0,1018.2,6.9,86.0,0.0,,,,,,
2025-04-01 20:00:00,17.0,77.0,1016.9,1018.1,6.5,87.0,0.0,,,,,,
2025-04-01 21:00:00,16.8,78.0,1017.1,1018.3,5.8,88.0,0.0,,,,,,
2025-04-01 22:00:00,16.8,79.0,1017.7,1018.9,4.7,88.0,0.0,,,,,,
2025-04-01 23:00:00,16.9,79.0,1018.5,1019.7,2.5,92.0,0.0,,,,,,
2025-04-02 00:00:00,17.5,83.0,1019.7,1020.9,1.1,91.0,0.0,,,,,,
2025-04-02 01:00:00,18.7,78.0,1020.6,1021.8,2.7,83.0,0.0,,,,,,
2025-04-02 02:00:00,19.9,75.0,1020.9,1022.1,2.6,86.0,0.0,,,,,,
2025-04-02 03:00:00,21.6,66.0,1020.8,1022.0,1.9,63.0,0.0,,,,,,
2025-04-02 04:00:00,23.0,59.0,1020.0,1021.2,0.5,69.0,0.0,,,,,,
2025-04-02 05:00:00,24.4,51.0,1018.8,1020.0,4.0,63.0,0.0,,,,,,
2025-04-02 06:00:00,24.9,47.0,1017.2,1018.4,1.8,63.0,0.0,,,,,,
2025-04-02 07:00:00,25.3,45.0,1016.1,1017.3,1.3,91.0,0.0,,,,,,
2025-04-02 08:00:00,25.3,45.0,1015.0,1016.2,1.5,99.0,0.0,,,,,,
2025-04-02 09:00:00,25.0,45.0,1014.8,1016.0,0.7,100.0,0.0,,,,,,
2025-04-02 10:00:00,24.8,46.0,1014.7,1015.9,2.6,100.0,0.0,,,,,,
2025-04-02 11:00:00,24.0,53.0,1015.1,1016.3,2.3,66.0,0.0,,,,,,
2025-04-02 12:00:00,22.9,57.0,1015.2,1016.4,2.7,39.0,0.0,,,,,,
2025-04-02 13:00:00,21.8,62.0,1015.6,1016.8,3.3,38.0,0.0,,,,,,
2025-04-02 14:00:00,20.6,69.0,1016.4,1017.6,7.5,34.0,0.0,,,,,,
2025-04-02 15:00:00,19.3,66.0,1016.4,1017.6,12.7,24.0,0.0,,,,,,
2025-04-02 16:00:00,18.7,67.0,1016.7,1017.9,10.6,56.0,0.0,,,,,,
2025-04-02 17:00:00,18.5,71.0,1016.8,1018.0,9.7,73.0,0.0,,,,,,
2025-04-02 18:00:00,18.7,72.0,1017.0,1018.2,8.9,75.0,0.0,,,,,,
2025-04-02 19:00:00,18.2,75.0,1016.7,1017.9,7.9,58.0,0.0,,,,,,
2025-04-02 20:00:00,18.0,77.0,1016.7,1017.9,7.0,73.0,0.0,,,,,,
2025-04-02 21:00:00,17.9,79.0,1016.7,1017.9,5.2,77.0,0.0,,,,,,
2025-04-02 22:00:00,17.9,79.0,1017.2,1018.4,4.4,83.0,0.0,,,,,,
2025-04-02 23:00:00,17.9,81.0,1017.5,1018.7,3.4,80.0,0.0,,,,,,
2025-04-03 00:00:00,18.8,79.0,1018.8,1020.0,1.0,73.0,0.0,,,,,,
2025-04-03 01:00:00,20.3,72.0,1019.7,1020.9,2.4,45.0,0.0,,,,,,
2025-04-03 02:00:00,22.1,65.0,1019.8,1021.0,4.8,59.0,0.0,,,,,,
2025-04-03 03:00:00,23.5,57.0,1019.7,1020.9,8.2,65.0,0.0,,,,,,
2025-04-03 04:00:00,24.9,54.0,1018.8,1020.0,10.5,57.0,0.0,,,,,,
2025-04-03 05:00:00,26.2,52.0,1017.6,1018.8,11.8,45.0,0.0,,,,,,
2025-04-03 06:00:00,27.1,47.0,1015.9,1017.1,11.3,37.0,0.0,,,,,,
2025-04-03 07:00:00,27.6,45.0,1014.3,1015.5,13.4,17.0,0.0,,,,,,
2025-04-03 08:00:00,27.6,47.0,1013.2,1014.4,14.3,28.0,0.0,,,,,,
2025-04-03 09:00:00,27.3,49.0,1012.3,1013.5,14.7,30.0,0.0,,,,,,
2025-04-03 10:00:00,26.6,53.0,1012.2,1013.4,15.8,50.0,0.0,,,,,,
2025-04-03 11:00:00,25.2,56.0,1012.2,1013.4,16.5,22.0,0.0,,,,,,
2025-04-03 12:00:00,23.6,56.0,1013.2,1014.4,14.0,0.0,0.0,,,,,,
2025-04-03 13:00:00,22.1,61.0,1014.0,1015.2,13.5,13.0,0.0,,,,,,
2025-04-03 14:00:00,20.8,65.0,1014.8,1016.0,12.7,0.0,0.0,,,,,,
2025-04-03 15:00:00,19.8,71.0,1014.7,1015.9,11.8,0.0,0.0,,,,,,
2025-04-03 16:00:00,19.1,75.0,1014.7,1015.9,11.3,0.0,0.0,,,,,,
2025-04-03 17:00:00,18.7,79.0,1014.3,1015.5,10.3,3.0,0.0,,,,,,
2025-04-03 18:00:00,18.8,81.0,1014.4,1015.6,8.9,4.0,0.0,,,,,,
2025-04-03 19:00:00,18.4,84.0,1013.3,1014.5,8.4,5.0,0.0,,,,,,
2025-04-03 20:00:00,18.2,86.0,1013.2,1014.4,8.5,0.0,0.0,,,,,,
2025-04-03 21:00:00,18.0,88.0,1012.7,1013.9,7.5,0.0,0.0,,,,,,
2025-04-03 22:00:00,17.8,90.0,1013.5,1014.7,7.0,0.0,0.0,,,,,,
2025-04-03 23:00:00,17.6,92.0,1013.5,1014.7,6.5,3.0,0.0,,,,,,
2025-04-04 00:00:00,18.5,91.0,1014.5,1015.7,7.9,2.0,0.0,,,,,,
2025-04-04 01:00:00,20.4,84.0,1014.9,1016.1,10.5,35.0,0.0,,,,,,
2025-04-04 02:00:00,22.1,78.0,1014.7,1015.9,13.4,66.0,0.0,,,,,,
2025-04-04 03:00:00,23.6,69.0,1014.2,1015.4,14.8,65.0,0.0,,,,,,
2025-04-04 04:00:00,24.7,66.0,1013.3,1014.5,15.6,65.0,0.0,,,,,,
2025-04-04 05:00:00,26.1,61.0,1012.4,1013.6,16.4,63.0,0.0,,,,,,
2025-04-04 06:00:00,25.5,63.0,1011.3,1012.5,14.3,71.0,0.0,,,,,,
2025-04-04 07:00:00,26.2,62.0,1010.1,1011.3,15.8,84.0,0.0,,,,,,
2025-04-04 08:00:00,25.8,65.0,1009.2,1010.4,16.6,72.0,0.0,,,,,,
2025-04-04 09:00:00,25.5,66.0,1008.8,1010.0,16.6,70.0,0.0,,,,,,
2025-04-04 10:00:00,25.2,65.0,1008.9,1010.1,15.8,80.0,0.0,,,,,,
2025-04-04 11:00:00,24.4,69.0,1009.2,1010.4,16.1,72.0,0.0,,,,,,
2025-04-04 12:00:00,23.2,75.0,1009.0,1010.2,16.1,53.0,0.0,,,,,,
2025-04-04 13:00:00,22.4,77.0,1009.9,1011.1,16.1,38.0,0.0,,,,,,
2025-04-04 14:00:00,21.6,82.0,1010.6,1011.8,15.3,79.0,0.0,,,,,,
2025-04-04 15:00:00,21.3,85.0,1011.3,1012.5,13.2,87.0,0.0,,,,,,
2025-04-04 16:00:00,21.1,87.0,1011.4,1012.6,12.1,90.0,0.0,,,,,,
2025-04-04 17:00:00,20.8,88.0,1011.6,1012.8,12.1,95.0,0.0,,,,,,
2025-04-04 18:00:00,20.7,88.0,1011.8,1013.0,11.8,94.0,0.0,,,,,,
2025-04-04 19:00:00,20.6,87.0,1011.4,1012.6,11.3,96.0,0.0,,,,,,
2025-04-04 20:00:00,20.6,86.0,1011.6,1012.8,10.5,97.0,0.0,,,,,,
2025-04-04 21:00:00,20.7,85.0,1011.7,1012.9,8.0,100.0,0.0,,,,,,
2025-04-04 22:00:00,20.7,84.0,1012.4,1013.6,6.7,100.0,3.0,,,,,,
2025-04-04 23:00:00,20.8,84.0,1012.4,1013.6,5.4,100.0,13.0,,,,,,
2025-04-05 00:00:00,20.8,88.0,1014.2,1015.4,4.0,100.0,20.0,,,,,,
2025-04-05 01:00:00,21.2,86.0,1014.7,1015.9,3.7,100.0,38.0,,,,,,
2025-04-05 02:00:00,21.7,85.0,1015.4,1016.6,3.1,100.0,43.0,,,,,,
2025-04-05 03:00:00,22.1,83.0,1015.3,1016.5,1.8,100.0,35.0,,,,,,
2025-04-05 04:00:00,22.3,83.0,1015.0,1016.2,2.2,100.0,35.0,,,,,,
2025-04-05 05:00:00,22.6,83.0,1014.2,1015.4,2.7,100.0,38.0,,,,,,
2025-04-05 06:00:00,22.7,85.0,1012.8,1014.0,3.3,100.0,20.0,,,,,,
2025-04-05 07:00:00,22.6,86.0,1012.1,1013.3,3.4,100.0,25.0,,,,,,
2025-04-05 08:00:00,22.7,86.0,1011.0,1012.2,2.9,100.0,10.0,,,,,,
2025-04-05 09:00:00,22.6,86.0,1010.9,1012.1,2.6,100.0,10.0,,,,,,
2025-04-05 10:00:00,22.5,87.0,1010.9,1012.1,3.2,100.0,8.0,,,,,,
2025-04-05 11:00:00,22.3,88.0,1011.5,1012.7,2.2,100.0,8.0,,,,,,
2025-04-05 12:00:00,22.5,89.0,1010.9,1012.1,2.5,100.0,8.0,,,,,,
2025-04-05 13:00:00,22.3,90.0,1011.9,1013.1,2.4,100.0,0.0,,,,,,
2025-04-05 14:00:00,22.1,91.0,1012.9,1014.1,2.1,100.0,3.0,,,,,,
2025-04-05 15:00:00,22.0,91.0,1013.4,1014.6,1.8,100.0,5.0,,,,,,
2025-04-05 16:00:00,21.9,92.0,1013.4,1014.6,2.2,100.0,10.0,,,,,,
2025-04-05 17:00:00,21.7,93.0,1012.8,1014.0,2.9,100.0,25.0,,,,,,
2025-04-05 18:00:00,21.2,94.0,1012.6,1013.8,3.7,100.0,48.0,,,,,,
2025-04-05 19:00:00,21.1,95.0,1011.9,1013.1,3.6,100.0,45.0,,,,,,
2025-04-05 20:00:00,21.0,95.0,1012.2,1013.4,2.9,100.0,40.0,,,,,,
2025-04-05 21:00:00,21.0,95.0,1012.3,1013.5,2.2,100.0,40.0,,,,,,
2025-04-05 22:00:00,20.9,95.0,1012.7,1013.9,2.7,100.0,38.0,,,,,,
2025-04-05 23:00:00,20.9,95.0,1012.8,1014.0,5.0,100.0,50.0,,,,,,
2025-04-06 00:00:00,21.1,94.0,1013.8,1015.0,4.7,100.0,53.0,,,,,,
2025-04-06 01:00:00,21.4,93.0,1014.9,1016.1,4.4,100.0,30.0,,,,,,
2025-04-06 02:00:00,21.9,89.0,1015.4,1016.6,5.2,100.0,28.0,,,,,,
2025-04-06 03:00:00,22.7,85.0,1015.8,1017.0,7.0,97.0,30.0,,,,,,
2025-04-06 04:00:00,23.3,82.0,1015.2,1016.4,7.2,97.0,28.0,,,,,,
2025-04-06 05:00:00,23.4,82.0,1014.4,1015.6,6.1,98.0,20.0,,,,,,
2025-04-06 06:00:00,24.0,80.0,1013.6,1014.8,7.1,96.0,15.0,,,,,,
2025-04-06 07:00:00,24.6,75.0,1012.4,1013.6,7.7,96.0,18.0,,,,,,
2025-04-06 08:00:00,24.4,77.0,1011.6,1012.8,7.8,94.0,18.0,,,,,,
2025-04-06 09:00:00,23.9,80.0,1011.1,1012.3,9.8,100.0,13.0,,,,,,
2025-04-06 10:00:00,23.1,86.0,1011.4,1012.6,11.6,100.0,10.0,,,,,,
2025-04-06 11:00:00,22.7,88.0,1012.2,1013.4,9.2,100.0,8.0,,,,,,
2025-04-06 12:00:00,22.4,90.0,1012.7,1013.9,8.9,100.0,8.0,,,,,,
2025-04-06 13:00:00,22.1,91.0,1013.6,1014.8,8.7,100.0,5.0,,,,,,
2025-04-06 14:00:00,21.8,90.0,1014.5,1015.7,9.2,100.0,8.0,,,,,,
2025-04-06 15:00:00,21.5,90.0,1015.1,1016.3,9.9,98.0,8.0,,,,,,
2025-04-06 16:00:00,21.2,91.0,1014.8,1016.0,10.6,100.0,18.0,,,,,,
2025-04-06 17:00:00,20.9,92.0,1014.1,1015.3,11.3,100.0,18.0,,,,,,
2025-04-06 18:00:00,20.8,93.0,1014.2,1015.4,10.8,100.0,10.0,,,,,,
2025-04-06 19:00:00,20.6,93.0,1013.4,1014.6,10.4,100.0,10.0,,,,,,
2025-04-06 20:00:00,20.6,93.0,1013.9,1015.1,8.9,100.0,8.0,,,,,,
2025-04-06 21:00:00,20.6,93.0,1013.7,1014.9,7.1,100.0,13.0,,,,,,
2025-04-06 22:00:00,20.5,93.0,1013.8,1015.0,5.9,100.0,20.0,,,,,,
2025-04-06 23:00:00,20.6,93.0,1014.1,1015.3,4.1,100.0,15.0,,,,,,
2025-04-07 00:00:00,20.5,93.0,1015.2,1016.4,5.1,100.0,18.0,,,,,,
2025-04-07 01:00:00,20.8,93.0,1016.3,1017.5,4.7,100.0,20.0,,,,,,
2025-04-07 02:00:00,21.2,91.0,1016.8,1018.0,4.8,95.0,13.0,,,,,,
2025-04-07 03:00:00,21.9,89.0,1016.8,1018.0,6.6,95.0,5.0,,,,,,
2025-04-07 04:00:00,22.7,85.0,1016.0,1017.2,8.1,93.0,3.0,,,,,,
2025-04-07 05:00:00,23.4,82.0,1015.0,1016.2,7.9,96.0,5.0,,,,,,
2025-04-07 06:00:00,24.5,78.0,1014.7,1015.9,7.9,99.0,13.0,,,,,,
2025-04-07 07:00:00,24.2,80.0,1013.6,1014.8,7.1,98.0,13.0,,,,,,
2025-04-07 08:00:00,24.2,81.0,1012.8,1014.0,6.7,100.0,8.0,,,,,,
2025-04-07 09:00:00,24.2,81.0,1012.0,1013.2,7.9,100.0,8.0,,,,,,
2025-04-07 10:00:00,24.2,81.0,1012.0,1013.2,9.7,100.0,5.0,,,,,,
2025-04-07 11:00:00,23.5,86.0,1012.7,1013.9,7.7,100.0,5.0,,,,,,
2025-04-07 12:00:00,23.0,89.0,1013.3,1014.5,8.2,100.0,3.0,,,,,,
2025-04-07 13:00:00,22.5,91.0,1014.1,1015.3,7.1,100.0,0.0,,,,,,
2025-04-07 14:00:00,22.0,92.0,1015.1,1016.3,6.8,92.0,0.0,,,,,,
2025-04-07 15:00:00,21.5,93.0,1015.2,1016.4,7.4,98.0,0.0,,,,,,
2025-04-07 16:00:00,21.1,93.0,1015.0,1016.2,8.1,100.0,0.0,,,,,,
2025-04-07 17:00:00,20.8,92.0,1014.5,1015.7,8.9,89.0,0.0,,,,,,
2025-04-07 18:00:00,20.9,92.0,1014.1,1015.3,8.7,79.0,0.0,,,,,,
2025-04-07 19:00:00,20.7,92.0,1013.6,1014.8,8.7,82.0,0.0,,,,,,
2025-04-07 20:00:00,20.6,93.0,1013.5,1014.7,9.0,74.0,0.0,,,,,,
2025-04-07 21:00:00,20.5,93.0,1013.7,1014.9,9.0,99.0,0.0,,,,,,
2025-04-07 22:00:00,20.5,94.0,1013.8,1015.0,9.1,100.0,0.0,,,,,,
2025-04-07 23:00:00,20.5,94.0,1014.4,1015.6,9.3,100.0,0.0,,,,,,
2025-04-08 00:00:00,21.1,93.0,1015.1,1016.3,8.7,100.0,0.0,,,,,,
2025-04-08 01:00:00,22.1,90.0,1016.2,1017.4,9.8,97.0,0.0,,,,,,
2025-04-08 02:00:00,23.7,83.0,1016.1,1017.3,12.0,96.0,0.0,,,,,,
2025-04-08 03:00:00,25.4,78.0,1015.5,1016.7,12.0,91.0,0.0,,,,,,
2025-04-08 04:00:00,26.5,74.0,1014.7,1015.9,12.5,93.0,0.0,,,,,,
2025-04-08 05:00:00,27.3,71.0,1013.5,1014.7,12.0,93.0,0.0,,,,,,
2025-04-08 06:00:00,27.0,73.0,1012.9,1014.1,9.3,95.0,0.0,,,,,,
2025-04-08 07:00:00,27.6,72.0,1011.8,1012.9,8.4,87.0,0.0,,,,,,
2025-04-08 08:00:00,28.0,72.0,1011.1,1012.2,9.4,57.0,0.0,,,,,,
2025-04-08 09:00:00,28.2,70.0,1010.5,1011.6,11.4,64.0,0.0,,,,,,
2025-04-08 10:00:00,26.9,77.0,1010.8,1012.0,16.1,92.0,0.0,,,,,,
2025-04-08 11:00:00,25.4,84.0,1011.5,1012.7,15.2,66.0,0.0,,,,,,
2025-04-08 12:00:00,24.7,88.0,1011.4,1012.6,13.0,55.0,0.0,,,,,,
2025-04-08 13:00:00,24.0,89.0,1012.4,1013.6,13.5,64.0,0.0,,,,,,
2025-04-08 14:00:00,23.4,91.0,1012.7,1013.9,13.6,64.0,0.0,,,,,,
2025-04-08 15:00:00,22.9,91.0,1013.1,1014.3,13.5,75.0,0.0,,,,,,
2025-04-08 16:00:00,22.7,92.0,1012.6,1013.8,13.1,87.0,0.0,,,,,,
2025-04-08 17:00:00,22.5,93.0,1012.1,1013.3,12.0,78.0,0.0,,,,,,
2025-04-08 18:00:00,22.4,93.0,1011.5,1012.7,10.7,87.0,0.0,,,,,,
2025-04-08 19:00:00,22.3,94.0,1010.8,1012.0,11.3,90.0,0.0,,,,,,
2025-04-08 20:00:00,22.2,95.0,1010.8,1012.0,12.4,89.0,0.0,,,,,,
2025-04-08 21:00:00,22.2,95.0,1010.6,1011.8,12.9,90.0,0.0,,,,,,
2025-04-08 22:00:00,22.2,96.0,1010.6,1011.8,12.2,93.0,0.0,,,,,,
2025-04-08 23:00:00,22.1,96.0,1010.7,1011.9,12.3,100.0,0.0,,,,,,
2025-04-09 00:00:00,22.9,94.0,1010.9,1012.1,11.3,83.0,0.0,,,,,,
2025-04-09 01:00:00,24.2,88.0,1011.8,1013.0,15.1,81.0,0.0,,,,,,
2025-04-09 02:00:00,25.5,82.0,1011.7,1012.9,15.3,87.0,0.0,,,,,,
2025-04-09 03:00:00,26.3,80.0,1011.5,1012.7,14.9,89.0,0.0,,,,,,
2025-04-09 04:00:00,27.5,74.0,1010.7,1011.8,15.2,95.0,0.0,,,,,,
2025-04-09 05:00:00,28.3,72.0,1009.7,1010.8,14.8,87.0,0.0,,,,,,
2025-04-09 06:00:00,28.1,72.0,1008.7,1009.8,12.2,94.0,0.0,,,,,,
2025-04-09 07:00:00,28.9,70.0,1007.5,1008.6,13.5,89.0,0.0,,,,,,
2025-04-09 08:00:00,28.7,70.0,1006.6,1007.7,13.8,96.0,0.0,,,,,,
2025-04-09 09:00:00,28.1,72.0,1006.6,1007.7,14.9,93.0,3.0,,,,,,
2025-04-09 10:00:00,27.3,74.0,1006.2,1007.3,15.6,100.0,0.0,,,,,,
2025-04-09 11:00:00,26.2,78.0,1006.5,1007.6,16.8,92.0,0.0,,,,,,
2025-04-09 12:00:00,25.4,82.0,1006.5,1007.7,13.9,92.0,0.0,,,,,,
2025-04-09 13:00:00,24.6,85.0,1007.4,1008.6,14.8,100.0,0.0,,,,,,
2025-04-09 14:00:00,24.1,87.0,1007.9,1009.1,15.0,100.0,0.0,,,,,,
2025-04-09 15:00:00,23.6,89.0,1008.0,1009.2,13.8,100.0,0.0,,,,,,
2025-04-09 16:00:00,23.3,91.0,1008.3,1009.5,12.6,100.0,0.0,,,,,,
2025-04-09 17:00:00,22.9,91.0,1008.2,1009.4,12.6,100.0,0.0,,,,,,
2025-04-09 18:00:00,22.9,92.0,1007.4,1008.6,11.1,100.0,3.0,,,,,,
2025-04-09 19:00:00,22.7,92.0,1007.0,1008.2,10.7,100.0,0.0,,,,,,
2025-04-09 20:00:00,22.7,93.0,1006.3,1007.5,8.9,100.0,0.0,,,,,,
2025-04-09 21:00:00,22.7,93.0,1006.3,1007.5,8.4,100.0,0.0,,,,,,
2025-04-09 22:00:00,22.6,94.0,1006.4,1007.6,7.2,99.0,3.0,,,,,,
2025-04-09 23:00:00,22.6,94.0,1006.7,1007.9,7.5,96.0,0.0,,,,,,
2025-04-10 00:00:00,22.9,94.0,1007.2,1008.4,6.8,99.0,0.0,,,,,,
2025-04-10 01:00:00,23.7,91.0,1007.9,1009.1,8.8,97.0,3.0,,,,,,
2025-04-10 02:00:00,25.2,85.0,1007.7,1008.9,6.9,94.0,0.0,,,,,,
2025-04-10 03:00:00,26.7,79.0,1007.6,1008.7,5.5,96.0,0.0,,,,,,
2025-04-10 04:00:00,27.7,75.0,1007.0,1008.1,5.4,93.0,0.0,,,,,,
2025-04-10 05:00:00,28.8,70.0,1006.2,1007.3,5.6,82.0,0.0,,,,,,
2025-04-10 06:00:00,28.4,74.0,1005.2,1006.3,8.9,84.0,0.0,,,,,,
2025-04-10 07:00:00,29.3,69.0,1003.8,1004.9,10.4,79.0,0.0,,,,,,
2025-04-10 08:00:00,29.3,69.0,1002.9,1004.0,12.9,83.0,0.0,,,,,,
2025-04-10 09:00:00,28.8,70.0,1002.6,1003.7,15.1,97.0,0.0,,,,,,
2025-04-10 10:00:00,26.7,82.0,1002.7,1003.8,18.9,100.0,0.0,,,,,,
2025-04-10 11:00:00,25.6,85.0,1003.4,1004.5,16.6,99.0,0.0,,,,,,
2025-04-10 12:00:00,24.5,89.0,1003.7,1004.9,14.8,86.0,0.0,,,,,,
2025-04-10 13:00:00,23.9,91.0,1004.6,1005.8,14.6,80.0,0.0,,,,,,
2025-04-10 14:00:00,23.4,93.0,1004.9,1006.1,14.5,92.0,0.0,,,,,,
2025-04-10 15:00:00,23.1,94.0,1005.4,1006.6,13.5,99.0,0.0,,,,,,
2025-04-10 16:00:00,23.0,94.0,1005.2,1006.4,12.5,94.0,0.0,,,,,,
2025-04-10 17:00:00,22.8,94.0,1004.9,1006.1,12.1,93.0,0.0,,,,,,
2025-04-10 18:00:00,23.1,94.0,1004.3,1005.5,9.4,91.0,0.0,,,,,,
2025-04-10 19:00:00,23.1,94.0,1003.8,1005.0,8.0,94.0,0.0,,,,,,
2025-04-10 20:00:00,23.2,94.0,1003.5,1004.7,7.1,100.0,0.0,,,,,,
2025-04-10 21:00:00,23.1,95.0,1003.6,1004.8,6.0,100.0,0.0,,,,,,
2025-04-10 22:00:00,23.1,96.0,1003.9,1005.1,5.7,100.0,0.0,,,,,,
2025-04-10 23:00:00,23.1,96.0,1004.2,1005.4,6.4,93.0,0.0,,,,,,
2025-04-11 00:00:00,23.5,95.0,1005.0,1006.2,7.4,96.0,0.0,,,,,,
2025-04-11 01:00:00,24.3,91.0,1005.7,1006.9,10.7,92.0,0.0,,,,,,
2025-04-11 02:00:00,25.6,85.0,1006.0,1007.2,9.9,96.0,0.0,,,,,,
2025-04-11 03:00:00,26.7,81.0,1006.1,1007.2,9.7,100.0,0.0,,,,,,
2025-04-11 04:00:00,28.1,75.0,1005.4,1006.5,9.3,100.0,0.0,,,,,,
2025-04-11 05:00:00,29.7,70.0,1004.3,1005.4,9.2,100.0,0.0,,,,,,
2025-04-11 06:00:00,29.2,74.0,1004.0,1005.1,6.6,98.0,0.0,,,,,,
2025-04-11 07:00:00,30.2,69.0,1002.5,1003.6,7.7,100.0,0.0,,,,,,
2025-04-11 08:00:00,30.5,69.0,1001.7,1002.8,8.2,100.0,0.0,,,,,,
2025-04-11 09:00:00,30.3,70.0,1001.1,1002.2,10.0,100.0,0.0,,,,,,
2025-04-11 10:00:00,29.3,76.0,1001.3,1002.4,11.2,100.0,0.0,,,,,,
2025-04-11 11:00:00,27.3,85.0,1002.5,1003.6,14.2,100.0,0.0,,,,,,
2025-04-11 12:00:00,26.1,90.0,1002.9,1004.0,11.9,100.0,0.0,,,,,,
2025-04-11 13:00:00,25.4,93.0,1003.7,1004.8,10.4,100.0,0.0,,,,,,
2025-04-11 14:00:00,25.0,94.0,1004.2,1005.4,10.2,70.0,0.0,,,,,,
2025-04-11 15:00:00,24.6,94.0,1004.3,1005.5,10.8,65.0,0.0,,,,,,
2025-04-11 16:00:00,24.3,95.0,1004.2,1005.4,10.8,61.0,0.0,,,,,,
2025-04-11 17:00:00,24.1,95.0,1003.5,1004.7,10.6,100.0,0.0,,,,,,
2025-04-11 18:00:00,24.2,95.0,1003.4,1004.6,8.4,60.0,0.0,,,,,,
2025-04-11 19:00:00,24.0,96.0,1002.6,1003.8,7.4,66.0,0.0,,,,,,
2025-04-11 20:00:00,23.8,96.0,1002.7,1003.9,7.5,62.0,0.0,,,,,,
2025-04-11 21:00:00,23.7,96.0,1002.7,1003.9,6.3,100.0,0.0,,,,,,
2025-04-11 22:00:00,23.6,96.0,1003.4,1004.6,5.9,100.0,0.0,,,,,,
2025-04-11 23:00:00,23.5,97.0,1003.8,1005.0,5.1,100.0,0.0,,,,,,
2025-04-12 00:00:00,24.1,95.0,1005.0,1006.2,6.5,100.0,0.0,,,,,,
2025-04-12 01:00:00,25.5,89.0,1006.0,1007.2,5.4,100.0,0.0,,,,,,
2025-04-12 02:00:00,26.6,86.0,1007.3,1008.4,3.3,100.0,0.0,,,,,,
2025-04-12 03:00:00,27.2,84.0,1007.1,1008.2,4.2,100.0,0.0,,,,,,
2025-04-12 04:00:00,27.6,83.0,1007.0,1008.1,4.7,100.0,0.0,,,,,,
2025-04-12 05:00:00,28.5,80.0,1006.1,1007.2,5.0,97.0,3.0,,,,,,
2025-04-12 06:00:00,29.3,77.0,1006.3,1007.4,3.7,92.0,3.0,,,,,,
2025-04-12 07:00:00,29.5,77.0,1005.0,1006.1,4.7,98.0,10.0,,,,,,
2025-04-12 08:00:00,28.7,78.0,1006.1,1007.2,16.8,100.0,48.0,,,,,,
2025-04-12 09:00:00,26.8,66.0,1006.6,1007.7,22.1,100.0,65.0,,,,,,
2025-04-12 10:00:00,25.7,62.0,1008.1,1009.3,29.0,100.0,80.0,,,,,,
2025-04-12 11:00:00,24.3,60.0,1010.7,1011.9,18.4,100.0,73.0,,,,,,
2025-04-12 12:00:00,23.3,74.0,1011.2,1012.4,11.2,100.0,55.0,,,,,,
2025-04-12 13:00:00,21.9,81.0,1014.1,1015.3,10.1,100.0,70.0,,,,,,
2025-04-12 14:00:00,21.3,80.0,1015.1,1016.3,9.2,100.0,63.0,,,,,,
2025-04-12 15:00:00,21.4,76.0,1015.9,1017.1,6.4,100.0,38.0,,,,,,
2025-04-12 16:00:00,21.5,74.0,1016.0,1017.2,4.6,100.0,25.0,,,,,,
2025-04-12 17:00:00,21.6,74.0,1015.9,1017.1,2.5,100.0,35.0,,,,,,
2025-04-12 18:00:00,22.2,73.0,1015.5,1016.7,5.6,100.0,20.0,,,,,,
2025-04-12 19:00:00,21.9,71.0,1014.8,1016.0,5.4,100.0,20.0,,,,,,
2025-04-12 20:00:00,21.8,72.0,1015.0,1016.2,5.0,100.0,8.0,,,,,,
2025-04-12 21:00:00,21.7,71.0,1015.0,1016.2,4.0,100.0,0.0,,,,,,
2025-04-12 22:00:00,21.8,68.0,1015.9,1017.1,2.7,100.0,0.0,,,,,,
2025-04-12 23:00:00,21.8,66.0,1016.1,1017.3,2.7,100.0,0.0,,,,,,
2025-04-13 00:00:00,21.5,68.0,1017.7,1018.9,6.1,100.0,0.0,,,,,,
2025-04-13 01:00:00,21.8,67.0,1018.4,1019.6,5.5,100.0,0.0,,,,,,
2025-04-13 02:00:00,22.6,65.0,1019.0,1020.2,7.3,97.0,3.0,,,,,,
2025-04-13 03:00:00,23.4,65.0,1019.0,1020.2,10.1,81.0,3.0,,,,,,
2025-04-13 04:00:00,24.1,56.0,1018.4,1019.6,13.2,79.0,0.0,,,,,,
2025-04-13 05:00:00,24.7,48.0,1017.4,1018.6,12.4,80.0,0.0,,,,,,
2025-04-13 06:00:00,26.1,40.0,1015.5,1016.7,10.1,75.0,0.0,,,,,,
2025-04-13 07:00:00,26.1,42.0,1014.2,1015.4,10.1,70.0,0.0,,,,,,
2025-04-13 08:00:00,26.3,42.0,1013.2,1014.4,9.0,79.0,0.0,,,,,,
2025-04-13 09:00:00,26.2,44.0,1012.8,1014.0,8.0,100.0,0.0,,,,,,
2025-04-13 10:00:00,25.7,45.0,1012.3,1013.5,6.5,100.0,0.0,,,,,,
2025-04-13 11:00:00,25.0,49.0,1012.6,1013.8,3.3,100.0,0.0,,,,,,
2025-04-13 12:00:00,24.1,55.0,1012.9,1014.1,2.9,100.0,0.0,,,,,,
2025-04-13 13:00:00,23.5,58.0,1013.9,1015.1,2.9,100.0,0.0,,,,,,
2025-04-13 14:00:00,23.2,60.0,1014.4,1015.6,2.4,100.0,0.0,,,,,,
2025-04-13 15:00:00,22.9,63.0,1014.8,1016.0,1.8,100.0,0.0,,,,,,
2025-04-13 16:00:00,22.3,65.0,1014.3,1015.5,4.5,88.0,0.0,,,,,,
2025-04-13 17:00:00,20.7,72.0,1014.0,1015.2,9.8,93.0,0.0,,,,,,
2025-04-13 18:00:00,20.2,75.0,1014.0,1015.2,8.5,100.0,0.0,,,,,,
2025-04-13 19:00:00,20.1,74.0,1013.4,1014.6,7.1,100.0,0.0,,,,,,
2025-04-13 20:00:00,19.9,74.0,1013.4,1014.6,5.9,100.0,0.0,,,,,,
2025-04-13 21:00:00,19.7,75.0,1013.2,1014.4,4.6,100.0,0.0,,,,,,
2025-04-13 22:00:00,19.6,76.0,1012.9,1014.1,3.6,100.0,0.0,,,,,,
2025-04-13 23:00:00,19.5,76.0,1013.3,1014.5,3.1,96.0,0.0,,,,,,
2025-04-14 00:00:00,20.2,75.0,1014.5,1015.7,2.5,100.0,0.0,,,,,,
2025-04-14 01:00:00,21.5,72.0,1015.9,1017.1,4.0,100.0,5.0,,,,,,
2025-04-14 02:00:00,22.9,66.0,1016.3,1017.5,4.3,100.0,5.0,,,,,,
2025-04-14 03:00:00,24.0,63.0,1016.5,1017.7,2.5,100.0,5.0,,,,,,
2025-04-14 04:00:00,25.1,59.0,1015.5,1016.7,1.1,100.0,5.0,,,,,,
2025-04-14 05:00:00,26.0,54.0,1014.6,1015.8,2.5,100.0,0.0,,,,,,
2025-04-14 06:00:00,27.3,49.0,1013.5,1014.7,2.6,100.0,0.0,,,,,,
2025-04-14 07:00:00,27.6,48.0,1012.6,1013.8,3.1,100.0,3.0,,,,,,
2025-04-14 08:00:00,27.9,47.0,1011.8,1012.9,4.6,100.0,3.0,,,,,,
2025-04-14 09:00:00,27.8,48.0,1011.1,1012.2,5.1,100.0,3.0,,,,,,
2025-04-14 10:00:00,27.5,48.0,1010.7,1011.8,4.1,100.0,0.0,,,,,,
2025-04-14 11:00:00,26.6,52.0,1010.7,1011.9,3.6,65.0,0.0,,,,,,
2025-04-14 12:00:00,25.7,57.0,1010.9,1012.1,3.6,9.0,0.0,,,,,,
2025-04-14 13:00:00,24.7,61.0,1012.1,1013.3,3.5,79.0,0.0,,,,,,
2025-04-14 14:00:00,23.9,65.0,1012.5,1013.7,4.9,100.0,0.0,,,,,,
2025-04-14 15:00:00,23.2,70.0,1012.9,1014.1,5.3,100.0,0.0,,,,,,
2025-04-14 16:00:00,22.6,75.0,1012.7,1013.9,3.7,92.0,0.0,,,,,,
2025-04-14 17:00:00,22.0,79.0,1012.6,1013.8,3.3,67.0,0.0,,,,,,
2025-04-14 18:00:00,21.3,84.0,1012.3,1013.5,3.2,100.0,0.0,,,,,,
2025-04-14 19:00:00,21.0,85.0,1011.8,1013.0,3.1,100.0,0.0,,,,,,
2025-04-14 20:00:00,20.4,88.0,1011.6,1012.8,3.1,89.0,0.0,,,,,,
2025-04-14 21:00:00,19.9,91.0,1011.5,1012.7,2.5,100.0,0.0,,,,,,
2025-04-14 22:00:00,19.7,92.0,1011.4,1012.6,1.3,100.0,0.0,,,,,,
2025-04-14 23:00:00,19.6,93.0,1011.5,1012.7,1.6,100.0,0.0,,,,,,
2025-04-15 00:00:00,20.1,92.0,1012.9,1014.1,2.8,100.0,0.0,,,,,,
2025-04-15 01:00:00,22.2,83.0,1013.5,1014.7,3.9,100.0,0.0,,,,,,
2025-04-15 02:00:00,24.5,74.0,1013.7,1014.9,4.9,100.0,0.0,,,,,,
2025-04-15 03:00:00,26.7,63.0,1013.4,1014.6,5.0,100.0,0.0,,,,,,
2025-04-15 04:00:00,28.7,53.0,1012.5,1013.6,4.8,57.0,0.0,,,,,,
2025-04-15 05:00:00,30.3,48.0,1011.1,1012.2,3.3,12.0,0.0,,,,,,
2025-04-15 06:00:00,32.0,39.0,1010.2,1011.3,1.8,100.0,0.0,,,,,,
2025-04-15 07:00:00,32.7,32.0,1008.7,1009.8,3.0,0.0,0.0,,,,,,
2025-04-15 08:00:00,33.1,31.0,1008.4,1009.5,6.9,0.0,0.0,,,,,,
2025-04-15 09:00:00,32.9,30.0,1007.8,1008.9,10.9,0.0,0.0,,,,,,
2025-04-15 10:00:00,32.0,30.0,1008.1,1009.2,12.4,100.0,0.0,,,,,,
2025-04-15 11:00:00,29.9,40.0,1008.2,1009.3,11.5,0.0,0.0,,,,,,
2025-04-15 12:00:00,28.2,47.0,1008.3,1009.4,13.7,2.0,0.0,,,,,,
2025-04-15 13:00:00,26.0,58.0,1009.1,1010.3,13.5,0.0,0.0,,,,,,
2025-04-15 14:00:00,24.3,62.0,1009.8,1011.0,12.0,3.0,0.0,,,,,,
2025-04-15 15:00:00,23.1,65.0,1010.4,1011.6,11.2,100.0,0.0,,,,,,
2025-04-15 16:00:00,22.3,69.0,1010.6,1011.8,11.0,100.0,0.0,,,,,,
2025-04-15 17:00:00,21.8,73.0,1010.4,1011.6,10.5,100.0,0.0,,,,,,
2025-04-15 18:00:00,21.2,80.0,1009.8,1011.0,9.8,97.0,0.0,,,,,,
2025-04-15 19:00:00,20.9,82.0,1009.0,1010.2,10.0,100.0,0.0,,,,,,
2025-04-15 20:00:00,20.6,85.0,1008.8,1010.0,10.1,100.0,0.0,,,,,,
2025-04-15 21:00:00,20.4,86.0,1008.6,1009.8,9.7,100.0,0.0,,,,,,
2025-04-15 22:00:00,20.2,88.0,1008.6,1009.8,8.7,100.0,0.0,,,,,,
2025-04-15 23:00:00,20.1,89.0,1008.8,1010.0,8.1,100.0,0.0,,,,,,
2025-04-16 00:00:00,20.9,87.0,1009.4,1010.6,5.9,100.0,0.0,,,,,,
2025-04-16 01:00:00,22.6,80.0,1010.1,1011.3,8.2,100.0,0.0,,,,,,
2025-04-16 02:00:00,24.6,72.0,1010.4,1011.6,9.2,32.0,0.0,,,,,,
2025-04-16 03:00:00,26.8,60.0,1009.9,1011.1,10.9,63.0,0.0,,,,,,
2025-04-16 04:00:00,28.7,51.0,1009.0,1010.1,11.8,12.0,0.0,,,,,,
2025-04-16 05:00:00,30.1,44.0,1007.6,1008.7,12.8,100.0,0.0,,,,,,
2025-04-16 06:00:00,31.6,37.0,1006.9,1008.0,11.6,85.0,0.0,,,,,,
2025-04-16 07:00:00,32.1,37.0,1005.4,1006.5,12.7,100.0,0.0,,,,,,
2025-04-16 08:00:00,32.2,38.0,1004.4,1005.5,14.3,98.0,0.0,,,,,,
2025-04-16 09:00:00,31.6,39.0,1003.7,1004.8,15.5,100.0,0.0,,,,,,
2025-04-16 10:00:00,30.2,42.0,1003.6,1004.7,15.7,100.0,0.0,,,,,,
2025-04-16 11:00:00,28.4,45.0,1004.2,1005.3,16.1,100.0,0.0,,,,,,
2025-04-16 12:00:00,26.9,49.0,1004.5,1005.6,14.5,100.0,0.0,,,,,,
2025-04-16 13:00:00,25.5,54.0,1005.7,1006.9,14.4,92.0,0.0,,,,,,
2025-04-16 14:00:00,24.3,69.0,1006.3,1007.5,14.6,0.0,0.0,,,,,,
2025-04-16 15:00:00,23.6,78.0,1007.0,1008.2,14.2,50.0,0.0,,,,,,
2025-04-16 16:00:00,23.2,84.0,1007.0,1008.2,13.8,100.0,0.0,,,,,,
2025-04-16 17:00:00,22.9,87.0,1006.5,1007.7,13.2,100.0,0.0,,,,,,
2025-04-16 18:00:00,22.9,90.0,1005.9,1007.1,11.2,100.0,0.0,,,,,,
2025-04-16 19:00:00,22.8,91.0,1004.8,1006.0,9.6,100.0,0.0,,,,,,
2025-04-16 20:00:00,22.8,92.0,1005.1,1006.3,8.7,100.0,0.0,,,,,,
2025-04-16 21:00:00,22.8,93.0,1004.9,1006.1,9.3,95.0,0.0,,,,,,
2025-04-16 22:00:00,22.8,93.0,1005.5,1006.7,8.9,100.0,0.0,,,,,,
2025-04-16 23:00:00,22.8,94.0,1005.3,1006.5,6.2,100.0,0.0,,,,,,
2025-04-17 00:00:00,23.7,89.0,1006.5,1007.7,7.4,98.0,0.0,,,,,,
2025-04-17 01:00:00,25.1,82.0,1006.9,1008.1,8.4,100.0,0.0,,,,,,
2025-04-17 02:00:00,26.5,76.0,1007.6,1008.7,7.6,100.0,0.0,,,,,,
2025-04-17 03:00:00,28.5,68.0,1007.3,1008.4,6.4,100.0,0.0,,,,,,
2025-04-17 04:00:00,30.2,63.0,1006.5,1007.6,7.2,85.0,0.0,,,,,,
2025-04-17 05:00:00,31.7,60.0,1005.2,1006.3,10.4,99.0,0.0,,,,,,
2025-04-17 06:00:00,32.5,58.0,1003.7,1004.8,12.4,88.0,0.0,,,,,,
2025-04-17 07:00:00,33.2,56.0,1002.4,1003.5,14.0,100.0,0.0,,,,,,
2025-04-17 08:00:00,33.3,56.0,1001.5,1002.6,15.3,57.0,0.0,,,,,,
2025-04-17 09:00:00,32.6,59.0,1001.1,1002.2,15.8,34.0,0.0,,,,,,
2025-04-17 10:00:00,31.0,65.0,1001.2,1002.3,15.9,24.0,0.0,,,,,,
2025-04-17 11:00:00,29.2,71.0,1001.7,1002.8,14.8,5.0,0.0,,,,,,
2025-04-17 12:00:00,27.5,77.0,1002.6,1003.7,14.6,3.0,0.0,,,,,,
2025-04-17 13:00:00,26.2,82.0,1003.3,1004.4,14.1,24.0,0.0,,,,,,
2025-04-17 14:00:00,25.4,86.0,1004.1,1005.2,13.3,36.0,0.0,,,,,,
2025-04-17 15:00:00,24.8,88.0,1004.1,1005.3,13.3,46.0,0.0,,,,,,
2025-04-17 16:00:00,24.6,89.0,1003.9,1005.1,12.8,43.0,0.0,,,,,,
2025-04-17 17:00:00,24.4,90.0,1003.7,1004.9,11.6,43.0,0.0,,,,,,
2025-04-17 18:00:00,24.1,92.0,1003.4,1004.6,10.0,47.0,0.0,,,,,,
2025-04-17 19:00:00,23.9,93.0,1003.1,1004.3,8.3,60.0,0.0,,,,,,
2025-04-17 20:00:00,23.7,94.0,1002.9,1004.1,7.6,69.0,0.0,,,,,,
2025-04-17 21:00:00,23.7,95.0,1003.1,1004.3,7.0,73.0,0.0,,,,,,
2025-04-17 22:00:00,23.7,95.0,1003.5,1004.7,7.2,77.0,0.0,,,,,,
2025-04-17 23:00:00,23.7,95.0,1004.1,1005.3,6.8,79.0,0.0,,,,,,
2025-04-18 00:00:00,24.3,92.0,1004.9,1006.1,8.7,87.0,0.0,,,,,,
2025-04-18 01:00:00,26.0,84.0,1005.8,1006.9,7.9,86.0,0.0,,,,,,
2025-04-18 02:00:00,27.9,77.0,1006.2,1007.3,6.9,53.0,0.0,,,,,,
2025-04-18 03:00:00,29.8,71.0,1006.0,1007.1,5.5,46.0,0.0,,,,,,
2025-04-18 04:00:00,31.8,66.0,1005.4,1006.5,5.6,26.0,0.0,,,,,,
2025-04-18 05:00:00,34.0,60.0,1004.3,1005.4,7.4,24.0,0.0,,,,,,
2025-04-18 06:00:00,36.1,51.0,1002.9,1004.0,10.5,3.0,0.0,,,,,,
2025-04-18 07:00:00,37.5,44.0,1001.4,1002.5,9.7,10.0,8.0,,,,,,
2025-04-18 08:00:00,37.3,44.0,1000.3,1001.4,9.4,100.0,18.0,,,,,,
2025-04-18 09:00:00,33.9,57.0,1000.9,1002.0,12.7,100.0,25.0,,,,,,
2025-04-18 10:00:00,32.9,59.0,1001.0,1002.1,7.9,40.0,8.0,,,,,,
2025-04-18 11:00:00,32.6,60.0,1001.1,1002.2,5.6,15.0,8.0,,,,,,
2025-04-18 12:00:00,31.7,64.0,1001.7,1002.8,9.7,100.0,0.0,,,,,,
2025-04-18 13:00:00,30.4,69.0,1002.4,1003.5,12.5,99.0,0.0,,,,,,
2025-04-18 14:00:00,29.1,71.0,1003.4,1004.5,13.8,100.0,0.0,,,,,,
2025-04-18 15:00:00,28.1,73.0,1004.0,1005.1,13.6,100.0,0.0,,,,,,
2025-04-18 16:00:00,27.4,77.0,1004.1,1005.2,13.3,69.0,0.0,,,,,,
2025-04-18 17:00:00,26.7,80.0,1003.6,1004.7,12.7,90.0,0.0,,,,,,
2025-04-18 18:00:00,26.0,83.0,1003.2,1004.3,12.0,80.0,0.0,,,,,,
2025-04-18 19:00:00,25.5,86.0,1002.8,1003.9,10.5,78.0,0.0,,,,,,
2025-04-18 20:00:00,25.0,89.0,1002.7,1003.8,9.7,45.0,0.0,,,,,,
2025-04-18 21:00:00,24.6,91.0,1002.8,1004.0,9.0,38.0,0.0,,,,,,
2025-04-18 22:00:00,24.4,92.0,1003.3,1004.5,7.6,39.0,0.0,,,,,,
2025-04-18 23:00:00,24.3,92.0,1004.1,1005.3,6.9,45.0,0.0,,,,,,
2025-04-19 00:00:00,25.2,88.0,1005.2,1006.4,8.9,64.0,0.0,,,,,,
2025-04-19 01:00:00,26.8,82.0,1006.3,1007.4,8.7,37.0,0.0,,,,,,
2025-04-19 02:00:00,28.6,76.0,1006.7,1007.8,7.7,38.0,0.0,,,,,,
2025-04-19 03:00:00,30.8,70.0,1006.5,1007.6,7.4,49.0,0.0,,,,,,
2025-04-19 04:00:00,32.7,65.0,1005.6,1006.7,7.8,20.0,0.0,,,,,,
2025-04-19 05:00:00,34.7,58.0,1004.3,1005.4,7.1,31.0,0.0,,,,,,
2025-04-19 06:00:00,36.4,49.0,1002.9,1004.0,7.0,23.0,0.0,,,,,,
2025-04-19 07:00:00,37.6,43.0,1001.8,1002.9,6.6,9.0,8.0,,,,,,
2025-04-19 08:00:00,37.8,40.0,1001.2,1002.3,7.6,98.0,19.0,,,,,,
2025-04-19 09:00:00,37.4,42.0,1001.0,1002.1,11.9,100.0,25.0,,,,,,
2025-04-19 10:00:00,35.3,51.0,1001.2,1002.3,13.7,100.0,20.0,,,,,,
2025-04-19 11:00:00,33.6,57.0,1001.7,1002.8,14.7,13.0,11.0,,,,,,
2025-04-19 12:00:00,31.1,64.0,1002.9,1004.0,15.4,2.0,3.0,,,,,,
2025-04-19 13:00:00,29.4,70.0,1003.8,1004.9,15.1,27.0,0.0,,,,,,
2025-04-19 14:00:00,28.3,74.0,1004.6,1005.7,14.6,42.0,0.0,,,,,,
2025-04-19 15:00:00,27.4,77.0,1005.2,1006.3,13.8,37.0,0.0,,,,,,
2025-04-19 16:00:00,26.8,80.0,1005.2,1006.3,14.3,62.0,0.0,,,,,,
2025-04-19 17:00:00,26.3,83.0,1004.9,1006.0,14.0,92.0,0.0,,,,,,
2025-04-19 18:00:00,25.9,84.0,1004.8,1005.9,13.8,94.0,0.0,,,,,,
2025-04-19 19:00:00,25.7,86.0,1004.6,1005.7,13.9,90.0,0.0,,,,,,
2025-04-19 20:00:00,25.4,87.0,1004.4,1005.5,13.2,55.0,0.0,,,,,,
2025-04-19 21:00:00,25.0,88.0,1004.5,1005.7,12.2,49.0,0.0,,,,,,
2025-04-19 22:00:00,24.8,89.0,1005.0,1006.2,11.2,63.0,2.0,,,,,,
2025-04-19 23:00:00,24.7,90.0,1005.8,1007.0,10.0,68.0,3.0,,,,,,
2025-04-20 00:00:00,25.4,87.0,1006.9,1008.1,12.0,83.0,3.0,,,,,,
2025-04-20 01:00:00,26.8,81.0,1007.7,1008.8,11.1,92.0,3.0,,,,,,
2025-04-20 02:00:00,28.7,74.0,1008.0,1009.1,9.4,88.0,1.0,,,,,,
2025-04-20 03:00:00,30.6,68.0,1007.9,1009.0,8.2,40.0,0.0,,,,,,
2025-04-20 04:00:00,32.1,64.0,1007.4,1008.5,8.8,52.0,0.0,,,,,,
2025-04-20 05:00:00,33.7,59.0,1006.4,1007.5,10.7,58.0,0.0,,,,,,
2025-04-20 06:00:00,34.9,56.0,1005.2,1006.3,12.8,83.0,0.0,,,,,,
2025-04-20 07:00:00,35.4,54.0,1004.3,1005.4,13.9,89.0,3.0,,,,,,
2025-04-20 08:00:00,35.3,53.0,1003.4,1004.5,15.0,94.0,7.0,,,,,,
2025-04-20 09:00:00,34.7,54.0,1003.0,1004.1,15.5,100.0,13.0,,,,,,
2025-04-20 10:00:00,33.2,59.0,1003.3,1004.4,15.5,100.0,18.0,,,,,,
2025-04-20 11:00:00,31.1,65.0,1004.0,1005.1,14.9,100.0,22.0,,,,,,
2025-04-20 12:00:00,29.3,71.0,1004.7,1005.8,14.5,100.0,23.0,,,,,,
2025-04-20 13:00:00,28.1,75.0,1005.5,1006.6,14.3,83.0,22.0,,,,,,
2025-04-20 14:00:00,27.3,78.0,1006.3,1007.4,13.8,67.0,18.0,,,,,,
2025-04-20 15:00:00,26.5,81.0,1006.8,1007.9,13.5,50.0,13.0,,,,,,
2025-04-20 16:00:00,25.9,84.0,1006.6,1007.8,13.2,46.0,8.0,,,,,,
2025-04-20 17:00:00,25.4,86.0,1006.2,1007.4,13.0,41.0,3.0,,,,,,
2025-04-20 18:00:00,25.1,88.0,1005.8,1007.0,12.8,37.0,0.0,,,,,,
2025-04-20 19:00:00,24.8,89.0,1005.6,1006.8,12.5,41.0,0.0,,,,,,
2025-04-20 20:00:00,24.6,89.0,1005.5,1006.7,12.3,45.0,0.0,,,,,,
2025-04-20 21:00:00,24.5,89.0,1005.6,1006.8,12.0,49.0,0.0,,,,,,
2025-04-20 22:00:00,24.4,89.0,1006.1,1007.3,12.0,51.0,0.0,,,,,,
2025-04-20 23:00:00,24.4,90.0,1006.8,1008.0,12.3,54.0,0.0,,,,,,
2025-04-21 00:00:00,25.0,88.0,1007.4,1008.6,12.1,56.0,0.0,,,,,,
2025-04-21 01:00:00,26.5,83.0,1008.1,1009.2,11.1,54.0,0.0,,,,,,
2025-04-21 02:00:00,28.6,76.0,1008.5,1009.6,10.3,51.0,0.0,,,,,,
2025-04-21 03:00:00,30.8,69.0,1008.5,1009.6,9.3,49.0,0.0,,,,,,
2025-04-21 04:00:00,33.0,61.0,1007.7,1008.8,9.0,40.0,0.0,,,,,,
2025-04-21 05:00:00,35.4,52.0,1006.3,1007.4,9.6,30.0,0.0,,,,,,
2025-04-21 06:00:00,37.0,46.0,1005.1,1006.2,10.1,21.0,0.0,,,,,,
2025-04-21 07:00:00,37.8,43.0,1004.0,1005.1,10.6,47.0,1.0,,,,,,
2025-04-21 08:00:00,37.9,41.0,1003.1,1004.2,11.6,74.0,3.0,,,,,,
2025-04-21 09:00:00,37.3,43.0,1002.6,1003.7,12.6,100.0,6.0,,,,,,
2025-04-21 10:00:00,35.6,49.0,1002.9,1004.0,13.8,100.0,8.0,,,,,,
2025-04-21 11:00:00,33.2,58.0,1003.6,1004.7,15.4,100.0,9.0,,,,,,
2025-04-21 12:00:00,31.0,65.0,1004.4,1005.5,16.4,100.0,10.0,,,,,,
2025-04-21 13:00:00,29.6,70.0,1005.2,1006.3,16.2,68.0,9.0,,,,,,
2025-04-21 14:00:00,28.4,73.0,1006.0,1007.1,15.8,37.0,8.0,,,,,,
2025-04-21 15:00:00,27.5,76.0,1006.5,1007.6,15.1,5.0,6.0,,,,,,
2025-04-21 16:00:00,26.7,79.0,1006.4,1007.5,14.8,13.0,3.0,,,,,,
2025-04-21 17:00:00,26.2,82.0,1006.0,1007.1,14.5,20.0,1.0,,,,,,
2025-04-21 18:00:00,25.7,84.0,1005.6,1006.8,14.1,28.0,0.0,,,,,,
2025-04-21 19:00:00,25.3,86.0,1005.4,1006.6,13.2,32.0,4.0,,,,,,
2025-04-21 20:00:00,25.0,86.0,1005.2,1006.4,11.5,35.0,3.0,,,,,,
2025-04-21 21:00:00,24.8,87.0,1005.3,1006.5,10.2,39.0,2.0,,,,,,
2025-04-21 22:00:00,24.6,88.0,1005.9,1007.1,9.5,40.0,1.0,,,,,,
2025-04-21 23:00:00,24.7,88.0,1006.7,1007.9,9.3,40.0,0.0,,,,,,
2025-04-22 00:00:00,25.3,86.0,1007.4,1008.6,8.9,41.0,0.0,,,,,,
2025-04-22 01:00:00,26.8,81.0,1007.9,1009.0,7.6,39.0,0.0,,,,,,
2025-04-22 02:00:00,28.8,73.0,1008.2,1009.3,6.1,36.0,0.0,,,,,,
2025-04-22 03:00:00,31.1,66.0,1007.9,1009.0,5.2,34.0,1.0,,,,,,
2025-04-22 04:00:00,33.6,59.0,1006.9,1008.0,5.4,23.0,1.0,,,,,,
2025-04-22 05:00:00,36.2,51.0,1005.3,1006.4,6.6,11.0,2.0,,,,,,
2025-04-22 06:00:00,38.2,45.0,1003.9,1005.0,7.6,0.0,3.0,,,,,,
2025-04-22 07:00:00,39.5,40.0,1002.7,1003.8,8.0,18.0,4.0,,,,,,
2025-04-22 08:00:00,40.2,37.0,1001.5,1002.6,8.4,35.0,5.0,,,,,,
2025-04-22 09:00:00,39.9,37.0,1000.9,1002.0,9.4,53.0,6.0,,,,,,
2025-04-22 10:00:00,38.2,42.0,1001.0,1002.1,11.3,69.0,7.0,,,,,,
2025-04-22 11:00:00,35.5,51.0,1001.6,1002.7,14.8,84.0,7.0,,,,,,
2025-04-22 12:00:00,33.1,58.0,1002.3,1003.4,17.6,100.0,8.0,,,,,,
2025-04-22 13:00:00,31.3,63.0,1003.1,1004.2,18.1,85.0,9.0,,,,,,
2025-04-22 14:00:00,29.8,67.0,1004.0,1005.1,17.3,69.0,9.0,,,,,,
2025-04-22 15:00:00,28.6,71.0,1004.6,1005.7,16.1,54.0,10.0,,,,,,
2025-04-22 16:00:00,27.6,75.0,1004.5,1005.6,15.3,41.0,10.0,,,,,,
2025-04-22 17:00:00,26.9,78.0,1004.0,1005.1,14.3,28.0,11.0,,,,,,
2025-04-22 18:00:00,26.4,81.0,1003.7,1004.8,13.0,15.0,11.0,,,,,,
2025-04-22 19:00:00,25.9,83.0,1003.8,1004.9,11.6,35.0,11.0,,,,,,
2025-04-22 20:00:00,25.6,85.0,1004.1,1005.2,10.5,56.0,12.0,,,,,,
2025-04-22 21:00:00,25.4,86.0,1004.6,1005.7,10.2,76.0,12.0,,,,,,
2025-04-22 22:00:00,25.5,86.0,1005.3,1006.5,9.7,76.0,12.0,,,,,,
2025-04-22 23:00:00,25.8,85.0,1006.3,1007.5,9.1,75.0,13.0,,,,,,
2025-04-23 00:00:00,26.4,82.0,1007.3,1008.4,9.0,75.0,13.0,,,,,,
2025-04-23 01:00:00,27.8,76.0,1007.9,1009.0,8.9,78.0,13.0,,,,,,
2025-04-23 02:00:00,29.5,69.0,1008.4,1009.5,8.7,80.0,13.0,,,,,,
2025-04-23 03:00:00,30.9,64.0,1008.5,1009.6,8.7,83.0,13.0,,,,,,
2025-04-23 04:00:00,31.6,62.0,1008.1,1009.2,8.8,76.0,13.0,,,,,,
2025-04-23 05:00:00,31.8,62.0,1007.3,1008.4,9.8,70.0,13.0,,,,,,
2025-04-23 06:00:00,32.0,61.0,1006.5,1007.6,10.7,63.0,13.0,,,,,,
2025-04-23 07:00:00,32.3,59.0,1005.8,1006.9,11.0,75.0,13.0,,,,,,
2025-04-23 08:00:00,32.6,56.0,1005.1,1006.2,11.3,88.0,13.0,,,,,,
2025-04-23 09:00:00,32.5,54.0,1004.8,1005.9,11.0,100.0,13.0,,,,,,
2025-04-23 10:00:00,32.1,54.0,1005.0,1006.1,9.7,100.0,13.0,,,,,,
2025-04-23 11:00:00,31.3,56.0,1005.6,1006.7,7.9,100.0,13.0,,,,,,
2025-04-23 12:00:00,30.4,59.0,1006.3,1007.4,6.0,100.0,13.0,,,,,,
2025-04-23 13:00:00,29.4,63.0,1007.1,1008.2,5.6,100.0,13.0,,,,,,
2025-04-23 14:00:00,28.3,69.0,1008.1,1009.2,7.9,100.0,13.0,,,,,,
2025-04-23 15:00:00,27.3,74.0,1008.7,1009.8,10.3,100.0,13.0,,,,,,
2025-04-23 16:00:00,26.4,78.0,1008.8,1010.0,11.0,100.0,13.0,,,,,,
2025-04-23 17:00:00,25.7,81.0,1008.7,1009.9,10.9,100.0,14.0,,,,,,
2025-04-23 18:00:00,25.2,83.0,1008.5,1009.7,10.0,100.0,14.0,,,,,,
2025-04-23 19:00:00,24.8,84.0,1008.2,1009.4,8.5,100.0,14.0,,,,,,
2025-04-23 20:00:00,24.6,84.0,1007.8,1009.0,6.3,100.0,14.0,,,,,,
2025-04-23 21:00:00,24.5,84.0,1007.7,1008.9,4.9,100.0,14.0,,,,,,
2025-04-23 22:00:00,24.4,85.0,1008.0,1009.2,4.3,100.0,14.0,,,,,,
2025-04-23 23:00:00,24.3,86.0,1008.5,1009.7,4.9,100.0,15.0,,,,,,
2025-04-24 00:00:00,24.3,86.0,1008.5,1009.7,4.9,100.0,15.0,,,,,,
2025-04-24 01:00:00,24.3,86.0,1008.5,1009.7,4.9,100.0,15.0,,,,,,
2025-04-24 02:00:00,24.3,86.0,1008.5,1009.7,4.9,100.0,15.0,,,,,,
2025-04-24 03:00:00,24.3,86.0,1008.5,1009.7,4.9,100.0,15.0,,,,,,
2025-04-24 04:00:00,24.3,86.0,1008.5,1009.7,4.9,100.0,15.0,,,,,,
2025-04-24 05:00:00,24.3,86.0,1008.5,1009.7,4.9,100.0,15.0,,,,,,
2025-04-24 06:00:00,24.3,86.0,1008.5,1009.7,4.9,100.0,15.0,,,,,,
2025-04-24 07:00:00,24.3,86.0,1008.5,1009.7,4.9,100.0,15.0,,,,,,
2025-04-24 08:00:00,24.3,86.0,1008.5,1009.7,4.9,100.0,15.0,,,,,,
2025-04-24 09:00:00,24.3,86.0,1008.5,1009.7,4.9,100.0,15.0,,,,,,
2025-04-24 10:00:00,24.3,86.0,1008.5,1009.7,4.9,100.0,15.0,,,,,,
2025-04-24 11:00:00,24.3,86.0,1008.5,1009.7,4.9,100.0,15.0,,,,,,
2025-04-24 12:00:00,24.3,86.0,1008.5,1009.7,4.9,100.0,15.0,,,,,,
2025-04-24 13:00:00,24.3,86.0,1008.5,1009.7,4.9,100.0,15.0,,,,,,
2025-04-24 14:00:00,24.3,86.0,1008.5,1009.7,4.9,100.0,15.0,,,,,,
2025-04-24 15:00:00,24.3,86.0,1008.5,1009.7,4.9,100.0,15.0,,,,,,
2025-04-24 16:00:00,24.3,86.0,1008.5,1009.7,4.9,100.0,15.0,,,,,,
2025-04-24 17:00:00,24.3,86.0,1008.5,1009.7,4.9,100.0,15.0,,,,,,
2025-04-24 18:00:00,24.3,86.0,1008.5,1009.7,4.9,100.0,15.0,,,,,,
2025-04-24 19:00:00,24.3,86.0,1008.5,1009.7,4.9,100.0,15.0,,,,,,
2025-04-24 20:00:00,24.3,86.0,1008.5,1009.7,4.9,100.0,15.0,,,,,,
2025-04-24 21:00:00,24.3,86.0,1008.5,1009.7,4.9,100.0,15.0,,,,,,
2025-04-24 22:00:00,24.3,86.0,1008.5,1009.7,4.9,100.0,15.0,,,,,,
2025-04-24 23:00:00,24.3,86.0,1008.5,1009.7,4.9,100.0,15.0,,,,,,
2025-04-25 00:00:00,24.3,86.0,1008.5,1009.7,4.9,100.0,15.0,,,,,,
2025-04-25 01:00:00,24.3,86.0,1008.5,1009.7,4.9,100.0,15.0,,,,,,
2025-04-25 02:00:00,24.3,86.0,1008.5,1009.7,4.9,100.0,15.0,,,,,,
2025-04-25 03:00:00,24.3,86.0,1008.5,1009.7,4.9,100.0,15.0,83.0,1011.5,7.4,100.0,35.0,24.6
2025-04-25 04:00:00,24.3,86.0,1008.5,1009.7,4.9,100.0,15.0,82.0,1010.9,6.4,100.0,23.0,24.8
2025-04-25 05:00:00,24.3,86.0,1008.5,1009.7,4.9,100.0,15.0,80.0,1010.2,6.2,100.0,20.0,25.0
2025-04-25 06:00:00,24.3,86.0,1008.5,1009.7,4.9,100.0,15.0,78.0,1009.1,5.9,100.0,20.0,25.6
