latitude,longitude,elevation,utc_offset_seconds,timezone,timezone_abbreviation
21.0,105.875,10.0,0,GMT,GMT

time,temperature_2m (Â°C),relative_humidity_2m (%),surface_pressure (hPa),pressure_msl (hPa),wind_speed_10m (km/h),cloud_cover (%),precipitation_probability (%)
2025-03-17T00:00,17.6,73,1020.4,1021.6,4.4,100,0
2025-03-17T01:00,17.4,64,1021.4,1022.6,5.6,100,0
2025-03-17T02:00,17.5,65,1021.9,1023.1,6.9,100,0
2025-03-17T03:00,17.6,61,1022.1,1023.3,7.7,100,0
2025-03-17T04:00,17.3,61,1021.2,1022.4,6.6,100,0
2025-03-17T05:00,17.7,61,1020.6,1021.8,8.2,100,5
2025-03-17T06:00,18.5,58,1019.2,1020.4,5.7,100,3
2025-03-17T07:00,18.6,57,1017.9,1019.1,6.4,100,0
2025-03-17T08:00,18.7,57,1017.1,1018.3,6.0,100,0
2025-03-17T09:00,18.6,58,1016.7,1017.9,5.5,100,0
2025-03-17T10:00,18.4,59,1016.9,1018.1,5.8,100,0
2025-03-17T11:00,17.9,63,1017.3,1018.5,5.1,100,0
2025-03-17T12:00,17.7,67,1018.0,1019.2,5.2,100,0
2025-03-17T13:00,17.4,70,1019.3,1020.5,5.6,100,0
2025-03-17T14:00,17.2,75,1020.1,1021.3,6.0,100,0
2025-03-17T15:00,16.9,77,1020.5,1021.7,4.7,100,0
2025-03-17T16:00,16.7,76,1020.5,1021.7,3.5,100,0
2025-03-17T17:00,16.5,75,1020.3,1021.5,3.1,100,0
2025-03-17T18:00,16.5,75,1021.3,1022.5,1.1,100,0
2025-03-17T19:00,16.5,76,1021.3,1022.5,2.9,100,0
2025-03-17T20:00,16.6,75,1021.4,1022.6,4.8,100,0
2025-03-17T21:00,16.7,59,1021.5,1022.7,9.0,100,0
2025-03-17T22:00,16.2,55,1021.7,1022.9,10.6,100,0
2025-03-17T23:00,15.8,57,1021.9,1023.1,8.3,100,0
2025-03-18T00:00,16.0,60,1023.6,1024.8,5.0,100,0
2025-03-18T01:00,15.9,60,1025.0,1026.2,5.7,100,0
2025-03-18T02:00,16.0,62,1025.9,1027.1,5.4,100,0
2025-03-18T03:00,16.1,63,1026.0,1027.2,5.4,100,0
2025-03-18T04:00,16.6,60,1025.2,1026.4,8.4,100,0
2025-03-18T05:00,16.9,56,1024.3,1025.5,9.2,100,0
2025-03-18T06:00,18.0,50,1022.7,1023.9,8.8,100,0
2025-03-18T07:00,17.9,50,1022.0,1023.2,8.5,100,0
2025-03-18T08:00,18.1,51,1021.3,1022.5,8.2,100,3
2025-03-18T09:00,18.1,51,1021.3,1022.5,6.5,100,0
2025-03-18T10:00,18.0,52,1021.1,1022.3,5.8,100,3
2025-03-18T11:00,17.6,55,1021.8,1023.0,5.1,100,3
2025-03-18T12:00,18.3,57,1022.2,1023.4,2.6,99,0
2025-03-18T13:00,18.0,58,1023.3,1024.5,2.5,100,0
2025-03-18T14:00,17.8,59,1024.4,1025.6,3.0,83,0
2025-03-18T15:00,17.5,60,1024.1,1025.3,3.0,91,0
2025-03-18T16:00,17.1,60,1024.2,1025.4,6.0,91,0
2025-03-18T17:00,16.9,58,1023.9,1025.1,7.1,100,0
2025-03-18T18:00,17.1,61,1024.5,1025.7,6.6,100,0
2025-03-18T19:00,16.9,61,1024.1,1025.3,5.8,100,0
2025-03-18T20:00,16.7,62,1024.2,1025.4,6.5,100,0
2025-03-18T21:00,16.6,63,1024.2,1025.4,6.0,100,0
2025-03-18T22:00,16.5,65,1024.2,1025.4,5.2,100,0
2025-03-18T23:00,16.4,65,1024.5,1025.7,5.2,100,0
2025-03-19T00:00,16.3,72,1025.7,1026.9,5.6,81,0
2025-03-19T01:00,17.2,70,1027.0,1028.2,6.8,88,0
2025-03-19T02:00,18.8,61,1028.0,1029.2,8.7,82,0
2025-03-19T03:00,19.9,50,1027.8,1029.0,12.6,65,0
2025-03-19T04:00,21.1,47,1027.0,1028.2,12.0,61,0
2025-03-19T05:00,21.8,44,1025.6,1026.8,11.7,77,0
2025-03-19T06:00,23.3,39,1024.3,1025.5,9.1,79,0
2025-03-19T07:00,23.6,38,1023.1,1024.3,9.3,69,0
2025-03-19T08:00,23.3,38,1022.3,1023.5,8.5,82,0
2025-03-19T09:00,22.9,38,1021.9,1023.1,7.6,90,0
2025-03-19T10:00,22.6,39,1021.5,1022.7,6.6,69,0
2025-03-19T11:00,21.7,43,1022.0,1023.2,4.3,78,0
2025-03-19T12:00,20.3,51,1022.3,1023.5,4.2,69,0
2025-03-19T13:00,19.6,54,1023.3,1024.5,4.7,58,0
2025-03-19T14:00,18.9,55,1023.8,1025.0,4.3,54,0
2025-03-19T15:00,18.3,57,1024.1,1025.3,3.1,54,0
2025-03-19T16:00,17.9,59,1024.0,1025.2,1.8,37,0
2025-03-19T17:00,17.6,60,1023.9,1025.1,0.7,79,0
2025-03-19T18:00,17.5,69,1024.7,1025.9,1.0,80,0
2025-03-19T19:00,17.3,71,1024.3,1025.5,1.5,87,0
2025-03-19T20:00,17.1,71,1024.0,1025.2,3.2,81,0
2025-03-19T21:00,16.8,72,1023.8,1025.0,4.0,83,0
2025-03-19T22:00,16.6,72,1023.9,1025.1,5.2,83,0
2025-03-19T23:00,16.4,72,1023.9,1025.1,5.7,73,0
2025-03-20T00:00,16.8,73,1025.2,1026.4,6.4,82,0
2025-03-20T01:00,18.1,69,1025.8,1027.0,7.3,76,0
2025-03-20T02:00,20.0,61,1026.6,1027.8,9.5,75,0
2025-03-20T03:00,21.6,55,1026.0,1027.2,8.9,63,0
2025-03-20T04:00,23.4,45,1025.1,1026.3,7.8,46,0
2025-03-20T05:00,24.6,40,1023.6,1024.8,5.4,31,0
2025-03-20T06:00,24.6,39,1022.1,1023.3,4.6,25,0
2025-03-20T07:00,25.1,37,1020.7,1021.9,2.9,25,0
2025-03-20T08:00,25.2,35,1019.5,1020.7,0.8,28,0
2025-03-20T09:00,25.0,36,1018.9,1020.1,1.0,27,0
2025-03-20T10:00,24.6,38,1018.4,1019.6,3.1,34,0
2025-03-20T11:00,23.5,44,1019.0,1020.2,3.9,45,0
2025-03-20T12:00,22.5,49,1019.2,1020.4,3.2,66,0
2025-03-20T13:00,21.3,55,1020.7,1021.9,5.4,62,0
2025-03-20T14:00,20.0,46,1021.6,1022.8,10.7,57,0
2025-03-20T15:00,19.2,45,1022.0,1023.2,9.0,73,0
2025-03-20T16:00,18.6,49,1022.0,1023.2,8.6,72,0
2025-03-20T17:00,18.2,53,1022.1,1023.3,6.4,71,0
2025-03-20T18:00,17.8,64,1022.5,1023.7,4.6,74,0
2025-03-20T19:00,17.5,66,1021.6,1022.8,3.3,56,0
2025-03-20T20:00,17.4,66,1021.7,1022.9,2.7,72,0
2025-03-20T21:00,17.4,65,1021.7,1022.9,3.1,72,0
2025-03-20T22:00,17.0,67,1022.1,1023.3,3.1,75,0
2025-03-20T23:00,17.0,68,1022.4,1023.6,2.1,51,0
2025-03-21T00:00,17.1,74,1023.3,1024.5,1.1,68,0
2025-03-21T01:00,18.4,70,1023.9,1025.1,0.4,45,0
2025-03-21T02:00,20.5,64,1024.3,1025.5,2.7,4,0
2025-03-21T03:00,22.6,54,1023.9,1025.1,4.9,0,0
2025-03-21T04:00,24.1,48,1022.8,1024.0,7.4,0,0
2025-03-21T05:00,25.2,45,1021.6,1022.8,7.1,26,0
2025-03-21T06:00,26.1,38,1020.5,1021.7,4.8,0,0
2025-03-21T07:00,26.6,37,1019.0,1020.2,8.1,0,0
2025-03-21T08:00,26.7,37,1017.7,1018.9,11.3,0,0
2025-03-21T09:00,26.3,38,1016.9,1018.1,11.9,0,0
2025-03-21T10:00,25.6,41,1017.0,1018.2,11.9,0,0
2025-03-21T11:00,24.3,47,1017.2,1018.4,10.9,0,0
2025-03-21T12:00,22.8,46,1017.9,1019.1,10.7,0,0
2025-03-21T13:00,21.2,50,1018.7,1019.9,10.5,0,0
2025-03-21T14:00,20.0,55,1019.2,1020.4,9.7,0,0
2025-03-21T15:00,19.0,60,1019.4,1020.6,8.4,0,0
2025-03-21T16:00,18.2,64,1019.2,1020.4,7.9,0,0
2025-03-21T17:00,17.6,67,1018.9,1020.1,7.4,0,0
2025-03-21T18:00,17.0,70,1018.9,1020.1,7.1,0,0
2025-03-21T19:00,16.6,73,1018.4,1019.6,7.1,22,0
2025-03-21T20:00,16.2,76,1018.7,1019.9,7.0,0,0
2025-03-21T21:00,15.9,78,1019.1,1020.3,6.9,1,0
2025-03-21T22:00,15.8,80,1019.3,1020.5,5.8,0,0
2025-03-21T23:00,15.6,82,1019.5,1020.7,5.1,0,0
2025-03-22T00:00,16.1,82,1020.3,1021.5,3.8,0,0
2025-03-22T01:00,18.3,75,1021.2,1022.4,3.8,0,0
2025-03-22T02:00,21.0,63,1021.9,1023.1,4.7,0,0
2025-03-22T03:00,23.1,53,1021.6,1022.8,6.9,4,0
2025-03-22T04:00,24.5,50,1020.9,1022.1,6.6,0,0
2025-03-22T05:00,25.8,47,1019.3,1020.5,6.9,14,0
2025-03-22T06:00,26.7,43,1017.9,1019.1,7.2,7,0
2025-03-22T07:00,27.3,41,1016.2,1017.4,8.8,4,0
2025-03-22T08:00,27.6,40,1015.3,1016.5,9.6,0,0
2025-03-22T09:00,27.5,40,1014.7,1015.9,9.8,0,0
2025-03-22T10:00,27.0,42,1014.5,1015.7,10.2,0,0
2025-03-22T11:00,25.9,48,1014.8,1016.0,9.2,0,0
2025-03-22T12:00,23.9,62,1015.7,1016.9,11.9,0,0
2025-03-22T13:00,22.0,68,1016.5,1017.7,16.0,0,0
2025-03-22T14:00,20.8,75,1017.2,1018.4,13.6,0,0
2025-03-22T15:00,19.9,79,1017.7,1018.9,12.0,0,0
2025-03-22T16:00,19.1,84,1017.8,1019.0,10.7,0,0
2025-03-22T17:00,18.4,88,1017.5,1018.7,9.8,0,0
2025-03-22T18:00,18.1,93,1017.0,1018.2,9.8,28,0
2025-03-22T19:00,17.7,95,1016.3,1017.5,9.2,40,0
2025-03-22T20:00,17.5,96,1016.2,1017.4,8.2,48,0
2025-03-22T21:00,17.3,97,1015.9,1017.1,7.3,54,0
2025-03-22T22:00,17.1,97,1015.9,1017.1,6.2,56,0
2025-03-22T23:00,17.0,97,1016.3,1017.5,5.2,53,0
2025-03-23T00:00,17.6,95,1017.5,1018.7,5.4,52,0
2025-03-23T01:00,19.2,89,1018.9,1020.1,7.1,49,0
2025-03-23T02:00,21.1,81,1019.1,1020.3,8.1,48,0
2025-03-23T03:00,22.8,74,1019.0,1020.2,8.9,57,0
2025-03-23T04:00,24.3,67,1018.0,1019.2,8.7,64,0
2025-03-23T05:00,25.3,64,1016.7,1017.9,7.9,57,0
2025-03-23T06:00,26.2,60,1015.1,1016.3,7.7,56,0
2025-03-23T07:00,26.8,59,1013.9,1015.1,9.0,50,0
2025-03-23T08:00,27.1,57,1013.0,1014.2,10.9,43,0
2025-03-23T09:00,27.2,55,1012.3,1013.5,11.8,35,0
2025-03-23T10:00,26.8,56,1011.7,1012.9,12.7,33,0
2025-03-23T11:00,26.0,58,1012.3,1013.5,11.8,3,0
2025-03-23T12:00,24.7,68,1012.7,1013.9,14.7,25,0
2025-03-23T13:00,23.0,67,1014.0,1015.2,15.9,0,0
2025-03-23T14:00,21.8,72,1014.7,1015.9,12.3,0,0
2025-03-23T15:00,20.8,78,1015.3,1016.5,11.2,0,0
2025-03-23T16:00,19.9,83,1015.1,1016.3,10.4,0,0
2025-03-23T17:00,19.3,87,1014.9,1016.1,9.3,0,0
2025-03-23T18:00,19.1,89,1014.8,1016.0,7.3,0,0
2025-03-23T19:00,18.7,91,1014.0,1015.2,6.3,0,0
2025-03-23T20:00,18.5,92,1013.9,1015.1,4.8,0,0
2025-03-23T21:00,18.3,93,1013.7,1014.9,3.0,0,0
2025-03-23T22:00,18.2,93,1013.8,1015.0,1.8,0,0
2025-03-23T23:00,18.1,93,1013.9,1015.1,1.1,0,0
2025-03-24T00:00,18.9,93,1014.2,1015.4,2.3,40,0
2025-03-24T01:00,20.5,86,1015.2,1016.4,2.9,40,0
2025-03-24T02:00,22.2,79,1015.2,1016.4,2.9,46,0
2025-03-24T03:00,23.8,72,1015.2,1016.4,2.9,52,0
2025-03-24T04:00,25.5,67,1014.1,1015.3,2.9,41,0
2025-03-24T05:00,27.1,61,1013.0,1014.2,4.3,36,0
2025-03-24T06:00,27.5,58,1011.8,1013.0,3.4,35,0
2025-03-24T07:00,28.4,56,1010.3,1011.4,3.1,6,0
2025-03-24T08:00,29.1,55,1008.8,1009.9,4.3,0,0
2025-03-24T09:00,29.3,56,1008.1,1009.2,7.6,6,0
2025-03-24T10:00,28.9,55,1007.9,1009.0,10.0,0,0
2025-03-24T11:00,27.8,58,1008.2,1009.3,11.2,0,0
2025-03-24T12:00,26.6,65,1008.0,1009.1,9.6,0,0
2025-03-24T13:00,25.0,74,1009.0,1010.2,15.9,0,0
2025-03-24T14:00,23.5,72,1009.9,1011.1,14.8,0,0
2025-03-24T15:00,22.5,74,1010.3,1011.5,13.8,0,0
2025-03-24T16:00,21.7,79,1010.0,1011.2,13.2,0,0
2025-03-24T17:00,21.1,82,1009.7,1010.9,12.5,0,0
2025-03-24T18:00,20.6,86,1008.6,1009.8,10.1,0,0
2025-03-24T19:00,20.2,90,1007.7,1008.9,9.6,28,0
2025-03-24T20:00,19.9,93,1007.7,1008.9,8.1,50,0
2025-03-24T21:00,19.8,94,1007.9,1009.1,6.9,79,0
2025-03-24T22:00,19.7,95,1007.8,1009.0,7.6,73,0
2025-03-24T23:00,19.7,96,1008.1,1009.3,7.3,81,5
2025-03-25T00:00,20.1,95,1008.4,1009.6,5.5,81,3
2025-03-25T01:00,21.3,91,1009.0,1010.2,7.1,92,0
2025-03-25T02:00,22.6,85,1009.2,1010.4,6.0,86,0
2025-03-25T03:00,24.0,79,1009.0,1010.2,4.3,84,0
2025-03-25T04:00,26.2,69,1008.3,1009.5,6.9,68,0
2025-03-25T05:00,28.1,63,1007.3,1008.4,6.9,33,0
2025-03-25T06:00,27.4,62,1006.0,1007.1,5.1,86,0
2025-03-25T07:00,28.8,59,1004.9,1006.0,5.8,7,0
2025-03-25T08:00,29.5,59,1003.7,1004.8,7.9,25,0
2025-03-25T09:00,29.6,59,1003.2,1004.3,10.1,20,0
2025-03-25T10:00,29.1,61,1003.2,1004.3,11.3,36,0
2025-03-25T11:00,27.9,63,1003.9,1005.0,11.9,0,0
2025-03-25T12:00,26.6,67,1004.1,1005.2,11.6,0,5
2025-03-25T13:00,25.0,70,1005.2,1006.4,13.7,32,3
2025-03-25T14:00,23.9,73,1005.9,1007.1,13.3,37,28
2025-03-25T15:00,23.0,77,1006.3,1007.5,12.4,38,48
2025-03-25T16:00,22.4,80,1005.9,1007.1,11.9,43,38
2025-03-25T17:00,22.0,83,1005.3,1006.5,11.5,59,35
2025-03-25T18:00,21.5,89,1005.2,1006.4,10.3,50,35
2025-03-25T19:00,21.2,90,1004.9,1006.1,10.1,58,10
2025-03-25T20:00,21.1,91,1004.7,1005.9,9.4,64,10
2025-03-25T21:00,20.9,92,1004.4,1005.6,9.1,61,3
2025-03-25T22:00,20.8,93,1004.4,1005.6,9.5,58,3
2025-03-25T23:00,20.6,94,1004.7,1005.9,8.7,71,5
2025-03-26T00:00,21.0,93,1005.6,1006.8,10.2,67,0
2025-03-26T01:00,22.3,86,1006.4,1007.6,10.2,63,0
2025-03-26T02:00,23.9,77,1007.2,1008.4,10.4,80,0
2025-03-26T03:00,26.1,69,1006.9,1008.1,10.1,85,0
2025-03-26T04:00,27.3,69,1006.9,1008.0,8.6,58,0
2025-03-26T05:00,28.5,64,1005.1,1006.2,8.7,97,0
2025-03-26T06:00,28.8,62,1003.7,1004.8,7.4,92,0
2025-03-26T07:00,29.7,61,1002.4,1003.5,9.3,66,0
2025-03-26T08:00,29.9,62,1001.3,1002.4,11.2,21,0
2025-03-26T09:00,29.7,63,1001.0,1002.1,11.9,29,0
2025-03-26T10:00,28.9,66,1000.7,1001.8,13.0,38,0
2025-03-26T11:00,27.4,69,1001.4,1002.5,14.8,38,0
2025-03-26T12:00,25.3,76,1001.6,1002.7,13.8,28,0
2025-03-26T13:00,24.0,81,1002.6,1003.8,13.3,76,0
2025-03-26T14:00,23.3,80,1003.0,1004.2,12.2,25,10
2025-03-26T15:00,22.8,85,1003.1,1004.3,11.2,67,13
2025-03-26T16:00,22.6,87,1003.0,1004.2,10.7,91,5
2025-03-26T17:00,22.5,88,1003.0,1004.2,10.7,91,5
2025-03-26T18:00,22.3,90,1002.8,1004.0,9.7,86,8
2025-03-26T19:00,22.3,91,1002.1,1003.3,9.4,75,0
2025-03-26T20:00,22.2,92,1002.1,1003.3,8.4,83,0
2025-03-26T21:00,22.1,93,1002.1,1003.3,7.1,73,0
2025-03-26T22:00,22.2,93,1001.8,1003.0,9.7,79,0
2025-03-26T23:00,22.3,92,1002.2,1003.4,8.4,79,0
2025-03-27T00:00,22.5,92,1002.7,1003.9,9.1,86,0
2025-03-27T01:00,23.6,87,1003.5,1004.7,11.9,87,0
2025-03-27T02:00,25.1,81,1003.7,1004.8,11.5,88,0
2025-03-27T03:00,26.4,77,1004.0,1005.1,11.2,87,0
2025-03-27T04:00,28.1,70,1003.5,1004.6,10.2,77,0
2025-03-27T05:00,29.9,66,1002.3,1003.4,10.2,39,0
2025-03-27T06:00,30.3,65,1001.3,1002.4,8.4,37,0
2025-03-27T07:00,30.9,65,999.8,1000.9,10.2,52,0
2025-03-27T08:00,31.2,66,999.4,1000.5,11.7,49,0
2025-03-27T09:00,30.8,66,998.7,999.8,13.7,50,0
2025-03-27T10:00,29.3,73,999.1,1000.2,14.3,38,0
2025-03-27T11:00,27.4,79,999.6,1000.7,13.5,45,0
2025-03-27T12:00,25.1,86,1000.1,1001.2,10.6,83,0
2025-03-27T13:00,24.4,89,1001.3,1002.5,9.8,86,0
2025-03-27T14:00,23.9,91,1002.1,1003.3,9.6,90,0
2025-03-27T15:00,23.6,92,1002.0,1003.2,8.8,90,0
2025-03-27T16:00,23.4,93,1002.2,1003.4,9.1,89,0
2025-03-27T17:00,23.2,94,1002.4,1003.6,7.2,89,0
2025-03-27T18:00,23.3,94,1002.3,1003.5,6.6,79,0
2025-03-27T19:00,23.2,94,1002.3,1003.5,6.2,84,0
2025-03-27T20:00,23.1,94,1002.4,1003.6,5.4,95,0
2025-03-27T21:00,23.1,94,1003.3,1004.5,5.1,93,0
2025-03-27T22:00,23.2,94,1004.4,1005.6,5.4,96,0
2025-03-27T23:00,23.3,94,1005.3,1006.5,5.0,99,0
2025-03-28T00:00,23.2,93,1006.1,1007.3,4.5,93,0
2025-03-28T01:00,24.0,91,1007.6,1008.8,6.4,97,0
2025-03-28T02:00,25.3,85,1007.9,1009.1,6.6,83,0
2025-03-28T03:00,26.6,79,1008.4,1009.5,6.3,86,0
2025-03-28T04:00,27.9,75,1007.7,1008.8,6.6,88,0
2025-03-28T05:00,28.9,72,1007.2,1008.3,5.7,86,0
2025-03-28T06:00,29.5,71,1005.9,1007.0,5.8,78,0
2025-03-28T07:00,30.4,67,1004.8,1005.9,6.9,75,0
2025-03-28T08:00,30.6,65,1004.0,1005.1,9.2,89,0
2025-03-28T09:00,29.9,69,1003.7,1004.8,11.5,76,0
2025-03-28T10:00,28.8,74,1004.3,1005.4,12.7,72,0
2025-03-28T11:00,27.2,83,1004.8,1005.9,13.0,63,0
2025-03-28T12:00,25.8,86,1005.4,1006.5,12.4,79,0
2025-03-28T13:00,25.2,88,1006.2,1007.4,10.7,65,0
2025-03-28T14:00,24.8,88,1007.7,1008.9,8.9,84,0
2025-03-28T15:00,24.6,89,1008.4,1009.6,8.9,96,0
2025-03-28T16:00,24.3,89,1008.8,1010.0,8.9,97,8
2025-03-28T17:00,24.0,90,1008.7,1009.9,8.6,91,38
2025-03-28T18:00,23.8,93,1008.3,1009.5,11.1,96,75
2025-03-28T19:00,23.6,93,1008.1,1009.3,11.2,100,75
2025-03-28T20:00,23.7,94,1008.3,1009.5,10.9,100,63
2025-03-28T21:00,22.2,77,1009.3,1010.5,18.4,100,55
2025-03-28T22:00,20.0,73,1010.4,1011.6,18.5,95,33
2025-03-28T23:00,19.2,70,1011.2,1012.4,18.0,100,25
2025-03-29T00:00,18.3,77,1012.7,1013.9,17.4,96,13
2025-03-29T01:00,17.7,74,1014.3,1015.5,17.3,100,13
2025-03-29T02:00,17.4,73,1015.5,1016.7,18.1,100,15
2025-03-29T03:00,17.2,71,1015.9,1017.1,17.1,100,23
2025-03-29T04:00,17.4,71,1016.3,1017.5,15.2,97,30
2025-03-29T05:00,17.5,70,1016.2,1017.4,15.0,99,23
2025-03-29T06:00,17.5,72,1015.3,1016.5,14.0,100,20
2025-03-29T07:00,17.0,72,1014.9,1016.1,12.8,100,23
2025-03-29T08:00,16.6,74,1014.6,1015.8,11.8,100,20
2025-03-29T09:00,16.1,75,1014.8,1016.0,11.3,100,13
2025-03-29T10:00,15.7,76,1015.2,1016.4,11.1,100,8
2025-03-29T11:00,15.6,76,1015.9,1017.1,10.2,100,3
2025-03-29T12:00,15.5,76,1016.1,1017.3,10.5,100,5
2025-03-29T13:00,15.2,77,1017.1,1018.3,9.5,100,15
2025-03-29T14:00,15.0,78,1018.1,1019.3,9.1,100,25
2025-03-29T15:00,14.8,79,1018.7,1019.9,8.3,100,35
2025-03-29T16:00,14.5,80,1018.9,1020.1,9.3,100,40
2025-03-29T17:00,14.3,80,1018.8,1020.0,9.6,100,43
2025-03-29T18:00,13.6,82,1019.2,1020.4,9.3,100,40
2025-03-29T19:00,13.4,81,1019.3,1020.5,10.5,100,28
2025-03-29T20:00,13.2,79,1019.4,1020.6,10.4,100,20
2025-03-29T21:00,13.1,78,1019.5,1020.7,9.6,100,15
2025-03-29T22:00,12.9,77,1019.9,1021.1,9.7,100,8
2025-03-29T23:00,12.7,77,1020.4,1021.6,10.0,100,0
2025-03-30T00:00,12.7,78,1021.2,1022.4,8.9,100,0
2025-03-30T01:00,12.8,78,1022.5,1023.7,8.6,100,0
2025-03-30T02:00,13.0,79,1023.2,1024.4,8.7,100,0
2025-03-30T03:00,13.4,77,1023.8,1025.0,10.6,100,0
2025-03-30T04:00,13.7,75,1023.1,1024.3,11.6,100,0
2025-03-30T05:00,14.0,74,1022.4,1023.6,11.5,100,0
2025-03-30T06:00,15.1,70,1020.6,1021.8,9.8,100,0
2025-03-30T07:00,15.1,69,1019.8,1021.0,9.1,100,0
2025-03-30T08:00,15.3,68,1018.9,1020.1,8.9,100,0
2025-03-30T09:00,15.0,68,1018.7,1019.9,7.8,100,0
2025-03-30T10:00,14.8,69,1018.8,1020.0,6.9,100,0
2025-03-30T11:00,14.5,69,1019.2,1020.4,5.6,100,0
2025-03-30T12:00,15.1,69,1019.0,1020.2,4.1,100,0
2025-03-30T13:00,14.8,70,1019.4,1020.6,3.8,100,0
2025-03-30T14:00,14.7,72,1019.8,1021.0,3.8,100,0
2025-03-30T15:00,14.6,72,1019.8,1021.0,3.9,100,0
2025-03-30T16:00,14.5,72,1019.7,1020.9,4.3,100,0
2025-03-30T17:00,14.3,73,1019.7,1020.9,4.7,100,0
2025-03-30T18:00,14.2,70,1020.0,1021.2,5.7,100,0
2025-03-30T19:00,14.0,69,1019.6,1020.8,7.3,100,0
2025-03-30T20:00,13.8,66,1019.8,1021.0,8.9,100,0
2025-03-30T21:00,13.6,65,1019.5,1020.7,9.3,100,0
2025-03-30T22:00,13.4,65,1019.9,1021.1,9.1,100,0
2025-03-30T23:00,13.2,66,1019.9,1021.1,8.8,100,0
2025-03-31T00:00,13.2,70,1021.1,1022.3,7.3,100,0
2025-03-31T01:00,13.4,71,1022.0,1023.2,6.9,100,0
2025-03-31T02:00,13.9,71,1022.6,1023.8,7.6,100,0
2025-03-31T03:00,14.3,68,1022.7,1023.9,8.3,100,0
2025-03-31T04:00,14.3,67,1021.8,1023.0,8.0,100,0
2025-03-31T05:00,14.7,66,1020.9,1022.1,8.0,100,0
2025-03-31T06:00,16.6,59,1018.5,1019.7,7.4,100,0
2025-03-31T07:00,16.6,59,1017.3,1018.5,7.3,100,0
2025-03-31T08:00,16.7,60,1016.4,1017.6,6.3,100,0
2025-03-31T09:00,16.7,62,1016.0,1017.2,5.7,100,0
2025-03-31T10:00,16.6,63,1016.4,1017.6,5.4,100,0
2025-03-31T11:00,16.2,66,1017.2,1018.4,4.8,98,0
2025-03-31T12:00,16.6,67,1017.4,1018.6,3.1,100,0
2025-03-31T13:00,16.4,68,1018.3,1019.5,2.6,100,0
2025-03-31T14:00,16.4,67,1018.9,1020.1,1.5,100,0
2025-03-31T15:00,16.3,67,1019.0,1020.2,2.3,100,0
2025-03-31T16:00,16.1,68,1019.0,1020.2,3.0,100,0
2025-03-31T17:00,15.9,69,1019.1,1020.3,3.8,100,0
2025-03-31T18:00,15.9,70,1019.8,1021.0,4.4,100,0
2025-03-31T19:00,15.7,70,1019.0,1020.2,4.7,100,0
2025-03-31T20:00,15.6,70,1018.5,1019.7,5.1,100,0
2025-03-31T21:00,15.5,70,1018.2,1019.4,5.2,100,0
2025-03-31T22:00,15.5,70,1018.6,1019.8,4.4,100,0
2025-03-31T23:00,15.5,70,1019.2,1020.4,3.8,100,0
2025-04-01T00:00,15.7,72,1020.6,1021.8,3.1,100,0
2025-04-01T01:00,16.5,68,1021.4,1022.6,2.7,100,0
2025-04-01T02:00,17.1,65,1021.5,1022.7,2.8,100,0
2025-04-01T03:00,17.9,61,1021.7,1022.9,4.1,96,0
2025-04-01T04:00,19.1,55,1020.8,1022.0,5.8,93,0
2025-04-01T05:00,20.4,51,1019.9,1021.1,6.9,81,0
2025-04-01T06:00,21.6,49,1017.7,1018.9,5.2,88,0
2025-04-01T07:00,21.6,51,1016.4,1017.6,5.6,96,0
2025-04-01T08:00,21.6,53,1015.3,1016.5,5.1,92,0
2025-04-01T09:00,21.8,54,1014.6,1015.8,5.4,79,0
2025-04-01T10:00,21.5,55,1014.8,1016.0,4.8,89,0
2025-04-01T11:00,20.8,57,1015.1,1016.3,4.0,56,0
2025-04-01T12:00,20.2,62,1015.1,1016.3,2.5,75,0
2025-04-01T13:00,19.9,62,1015.8,1017.0,2.3,94,0
2025-04-01T14:00,19.7,61,1016.3,1017.5,2.4,92,0
2025-04-01T15:00,19.4,62,1016.7,1017.9,3.1,92,0
2025-04-01T16:00,19.1,64,1016.7,1017.9,3.3,97,0
2025-04-01T17:00,18.7,68,1016.9,1018.1,4.1,95,0
2025-04-01T18:00,18.1,75,1017.6,1018.8,6.5,86,0
2025-04-01T19:00,17.3,75,1017.0,1018.2,6.9,86,0
2025-04-01T20:00,17.0,77,1016.9,1018.1,6.5,87,0
2025-04-01T21:00,16.8,78,1017.1,1018.3,5.8,88,0
2025-04-01T22:00,16.8,79,1017.7,1018.9,4.7,88,0
2025-04-01T23:00,16.9,79,1018.5,1019.7,2.5,92,0
2025-04-02T00:00,17.5,83,1019.7,1020.9,1.1,91,0
2025-04-02T01:00,18.7,78,1020.6,1021.8,2.7,83,0
2025-04-02T02:00,19.9,75,1020.9,1022.1,2.6,86,0
2025-04-02T03:00,21.6,66,1020.8,1022.0,1.9,63,0
2025-04-02T04:00,23.0,59,1020.0,1021.2,0.5,69,0
2025-04-02T05:00,24.4,51,1018.8,1020.0,4.0,63,0
2025-04-02T06:00,24.9,47,1017.2,1018.4,1.8,63,0
2025-04-02T07:00,25.3,45,1016.1,1017.3,1.3,91,0
2025-04-02T08:00,25.3,45,1015.0,1016.2,1.5,99,0
2025-04-02T09:00,25.0,45,1014.8,1016.0,0.7,100,0
2025-04-02T10:00,24.8,46,1014.7,1015.9,2.6,100,0
2025-04-02T11:00,24.0,53,1015.1,1016.3,2.3,66,0
2025-04-02T12:00,22.9,57,1015.2,1016.4,2.7,39,0
2025-04-02T13:00,21.8,62,1015.6,1016.8,3.3,38,0
2025-04-02T14:00,20.6,69,1016.4,1017.6,7.5,34,0
2025-04-02T15:00,19.3,66,1016.4,1017.6,12.7,24,0
2025-04-02T16:00,18.7,67,1016.7,1017.9,10.6,56,0
2025-04-02T17:00,18.5,71,1016.8,1018.0,9.7,73,0
2025-04-02T18:00,18.7,72,1017.0,1018.2,8.9,75,0
2025-04-02T19:00,18.2,75,1016.7,1017.9,7.9,58,0
2025-04-02T20:00,18.0,77,1016.7,1017.9,7.0,73,0
2025-04-02T21:00,17.9,79,1016.7,1017.9,5.2,77,0
2025-04-02T22:00,17.9,79,1017.2,1018.4,4.4,83,0
2025-04-02T23:00,17.9,81,1017.5,1018.7,3.4,80,0
2025-04-03T00:00,18.8,79,1018.8,1020.0,1.0,73,0
2025-04-03T01:00,20.3,72,1019.7,1020.9,2.4,45,0
2025-04-03T02:00,22.1,65,1019.8,1021.0,4.8,59,0
2025-04-03T03:00,23.5,57,1019.7,1020.9,8.2,65,0
2025-04-03T04:00,24.9,54,1018.8,1020.0,10.5,57,0
2025-04-03T05:00,26.2,52,1017.6,1018.8,11.8,45,0
2025-04-03T06:00,27.1,47,1015.9,1017.1,11.3,37,0
2025-04-03T07:00,27.6,45,1014.3,1015.5,13.4,17,0
2025-04-03T08:00,27.6,47,1013.2,1014.4,14.3,28,0
2025-04-03T09:00,27.3,49,1012.3,1013.5,14.7,30,0
2025-04-03T10:00,26.6,53,1012.2,1013.4,15.8,50,0
2025-04-03T11:00,25.2,56,1012.2,1013.4,16.5,22,0
2025-04-03T12:00,23.6,56,1013.2,1014.4,14.0,0,0
2025-04-03T13:00,22.1,61,1014.0,1015.2,13.5,13,0
2025-04-03T14:00,20.8,65,1014.8,1016.0,12.7,0,0
2025-04-03T15:00,19.8,71,1014.7,1015.9,11.8,0,0
2025-04-03T16:00,19.1,75,1014.7,1015.9,11.3,0,0
2025-04-03T17:00,18.7,79,1014.3,1015.5,10.3,3,0
2025-04-03T18:00,18.8,81,1014.4,1015.6,8.9,4,0
2025-04-03T19:00,18.4,84,1013.3,1014.5,8.4,5,0
2025-04-03T20:00,18.2,86,1013.2,1014.4,8.5,0,0
2025-04-03T21:00,18.0,88,1012.7,1013.9,7.5,0,0
2025-04-03T22:00,17.8,90,1013.5,1014.7,7.0,0,0
2025-04-03T23:00,17.6,92,1013.5,1014.7,6.5,3,0
2025-04-04T00:00,18.5,91,1014.5,1015.7,7.9,2,0
2025-04-04T01:00,20.4,84,1014.9,1016.1,10.5,35,0
2025-04-04T02:00,22.1,78,1014.7,1015.9,13.4,66,0
2025-04-04T03:00,23.6,69,1014.2,1015.4,14.8,65,0
2025-04-04T04:00,24.7,66,1013.3,1014.5,15.6,65,0
2025-04-04T05:00,26.1,61,1012.4,1013.6,16.4,63,0
2025-04-04T06:00,25.5,63,1011.3,1012.5,14.3,71,0
2025-04-04T07:00,26.2,62,1010.1,1011.3,15.8,84,0
2025-04-04T08:00,25.8,65,1009.2,1010.4,16.6,72,0
2025-04-04T09:00,25.5,66,1008.8,1010.0,16.6,70,0
2025-04-04T10:00,25.2,65,1008.9,1010.1,15.8,80,0
2025-04-04T11:00,24.4,69,1009.2,1010.4,16.1,72,0
2025-04-04T12:00,23.2,75,1009.0,1010.2,16.1,53,0
2025-04-04T13:00,22.4,77,1009.9,1011.1,16.1,38,0
2025-04-04T14:00,21.6,82,1010.6,1011.8,15.3,79,0
2025-04-04T15:00,21.3,85,1011.3,1012.5,13.2,87,0
2025-04-04T16:00,21.1,87,1011.4,1012.6,12.1,90,0
2025-04-04T17:00,20.8,88,1011.6,1012.8,12.1,95,0
2025-04-04T18:00,20.7,88,1011.8,1013.0,11.8,94,0
2025-04-04T19:00,20.6,87,1011.4,1012.6,11.3,96,0
2025-04-04T20:00,20.6,86,1011.6,1012.8,10.5,97,0
2025-04-04T21:00,20.7,85,1011.7,1012.9,8.0,100,0
2025-04-04T22:00,20.7,84,1012.4,1013.6,6.7,100,3
2025-04-04T23:00,20.8,84,1012.4,1013.6,5.4,100,13
2025-04-05T00:00,20.8,88,1014.2,1015.4,4.0,100,20
2025-04-05T01:00,21.2,86,1014.7,1015.9,3.7,100,38
2025-04-05T02:00,21.7,85,1015.4,1016.6,3.1,100,43
2025-04-05T03:00,22.1,83,1015.3,1016.5,1.8,100,35
2025-04-05T04:00,22.3,83,1015.0,1016.2,2.2,100,35
2025-04-05T05:00,22.6,83,1014.2,1015.4,2.7,100,38
2025-04-05T06:00,22.7,85,1012.8,1014.0,3.3,100,20
2025-04-05T07:00,22.6,86,1012.1,1013.3,3.4,100,25
2025-04-05T08:00,22.7,86,1011.0,1012.2,2.9,100,10
2025-04-05T09:00,22.6,86,1010.9,1012.1,2.6,100,10
2025-04-05T10:00,22.5,87,1010.9,1012.1,3.2,100,8
2025-04-05T11:00,22.3,88,1011.5,1012.7,2.2,100,8
2025-04-05T12:00,22.5,89,1010.9,1012.1,2.5,100,8
2025-04-05T13:00,22.3,90,1011.9,1013.1,2.4,100,0
2025-04-05T14:00,22.1,91,1012.9,1014.1,2.1,100,3
2025-04-05T15:00,22.0,91,1013.4,1014.6,1.8,100,5
2025-04-05T16:00,21.9,92,1013.4,1014.6,2.2,100,10
2025-04-05T17:00,21.7,93,1012.8,1014.0,2.9,100,25
2025-04-05T18:00,21.2,94,1012.6,1013.8,3.7,100,48
2025-04-05T19:00,21.1,95,1011.9,1013.1,3.6,100,45
2025-04-05T20:00,21.0,95,1012.2,1013.4,2.9,100,40
2025-04-05T21:00,21.0,95,1012.3,1013.5,2.2,100,40
2025-04-05T22:00,20.9,95,1012.7,1013.9,2.7,100,38
2025-04-05T23:00,20.9,95,1012.8,1014.0,5.0,100,50
2025-04-06T00:00,21.1,94,1013.8,1015.0,4.7,100,53
2025-04-06T01:00,21.4,93,1014.9,1016.1,4.4,100,30
2025-04-06T02:00,21.9,89,1015.4,1016.6,5.2,100,28
2025-04-06T03:00,22.7,85,1015.8,1017.0,7.0,97,30
2025-04-06T04:00,23.3,82,1015.2,1016.4,7.2,97,28
2025-04-06T05:00,23.4,82,1014.4,1015.6,6.1,98,20
2025-04-06T06:00,24.0,80,1013.6,1014.8,7.1,96,15
2025-04-06T07:00,24.6,75,1012.4,1013.6,7.7,96,18
2025-04-06T08:00,24.4,77,1011.6,1012.8,7.8,94,18
2025-04-06T09:00,23.9,80,1011.1,1012.3,9.8,100,13
2025-04-06T10:00,23.1,86,1011.4,1012.6,11.6,100,10
2025-04-06T11:00,22.7,88,1012.2,1013.4,9.2,100,8
2025-04-06T12:00,22.4,90,1012.7,1013.9,8.9,100,8
2025-04-06T13:00,22.1,91,1013.6,1014.8,8.7,100,5
2025-04-06T14:00,21.8,90,1014.5,1015.7,9.2,100,8
2025-04-06T15:00,21.5,90,1015.1,1016.3,9.9,98,8
2025-04-06T16:00,21.2,91,1014.8,1016.0,10.6,100,18
2025-04-06T17:00,20.9,92,1014.1,1015.3,11.3,100,18
2025-04-06T18:00,20.8,93,1014.2,1015.4,10.8,100,10
2025-04-06T19:00,20.6,93,1013.4,1014.6,10.4,100,10
2025-04-06T20:00,20.6,93,1013.9,1015.1,8.9,100,8
2025-04-06T21:00,20.6,93,1013.7,1014.9,7.1,100,13
2025-04-06T22:00,20.5,93,1013.8,1015.0,5.9,100,20
2025-04-06T23:00,20.6,93,1014.1,1015.3,4.1,100,15
2025-04-07T00:00,20.5,93,1015.2,1016.4,5.1,100,18
2025-04-07T01:00,20.8,93,1016.3,1017.5,4.7,100,20
2025-04-07T02:00,21.2,91,1016.8,1018.0,4.8,95,13
2025-04-07T03:00,21.9,89,1016.8,1018.0,6.6,95,5
2025-04-07T04:00,22.7,85,1016.0,1017.2,8.1,93,3
2025-04-07T05:00,23.4,82,1015.0,1016.2,7.9,96,5
2025-04-07T06:00,24.5,78,1014.7,1015.9,7.9,99,13
2025-04-07T07:00,24.2,80,1013.6,1014.8,7.1,98,13
2025-04-07T08:00,24.2,81,1012.8,1014.0,6.7,100,8
2025-04-07T09:00,24.2,81,1012.0,1013.2,7.9,100,8
2025-04-07T10:00,24.2,81,1012.0,1013.2,9.7,100,5
2025-04-07T11:00,23.5,86,1012.7,1013.9,7.7,100,5
2025-04-07T12:00,23.0,89,1013.3,1014.5,8.2,100,3
2025-04-07T13:00,22.5,91,1014.1,1015.3,7.1,100,0
2025-04-07T14:00,22.0,92,1015.1,1016.3,6.8,92,0
2025-04-07T15:00,21.5,93,1015.2,1016.4,7.4,98,0
2025-04-07T16:00,21.1,93,1015.0,1016.2,8.1,100,0
2025-04-07T17:00,20.8,92,1014.5,1015.7,8.9,89,0
2025-04-07T18:00,20.9,92,1014.1,1015.3,8.7,79,0
2025-04-07T19:00,20.7,92,1013.6,1014.8,8.7,82,0
2025-04-07T20:00,20.6,93,1013.5,1014.7,9.0,74,0
2025-04-07T21:00,20.5,93,1013.7,1014.9,9.0,99,0
2025-04-07T22:00,20.5,94,1013.8,1015.0,9.1,100,0
2025-04-07T23:00,20.5,94,1014.4,1015.6,9.3,100,0
2025-04-08T00:00,21.1,93,1015.1,1016.3,8.7,100,0
2025-04-08T01:00,22.1,90,1016.2,1017.4,9.8,97,0
2025-04-08T02:00,23.7,83,1016.1,1017.3,12.0,96,0
2025-04-08T03:00,25.4,78,1015.5,1016.7,12.0,91,0
2025-04-08T04:00,26.5,74,1014.7,1015.9,12.5,93,0
2025-04-08T05:00,27.3,71,1013.5,1014.7,12.0,93,0
2025-04-08T06:00,27.0,73,1012.9,1014.1,9.3,95,0
2025-04-08T07:00,27.6,72,1011.8,1012.9,8.4,87,0
2025-04-08T08:00,28.0,72,1011.1,1012.2,9.4,57,0
2025-04-08T09:00,28.2,70,1010.5,1011.6,11.4,64,0
2025-04-08T10:00,26.9,77,1010.8,1012.0,16.1,92,0
2025-04-08T11:00,25.4,84,1011.5,1012.7,15.2,66,0
2025-04-08T12:00,24.7,88,1011.4,1012.6,13.0,55,0
2025-04-08T13:00,24.0,89,1012.4,1013.6,13.5,64,0
2025-04-08T14:00,23.4,91,1012.7,1013.9,13.6,64,0
2025-04-08T15:00,22.9,91,1013.1,1014.3,13.5,75,0
2025-04-08T16:00,22.7,92,1012.6,1013.8,13.1,87,0
2025-04-08T17:00,22.5,93,1012.1,1013.3,12.0,78,0
2025-04-08T18:00,22.4,93,1011.5,1012.7,10.7,87,0
2025-04-08T19:00,22.3,94,1010.8,1012.0,11.3,90,0
2025-04-08T20:00,22.2,95,1010.8,1012.0,12.4,89,0
2025-04-08T21:00,22.2,95,1010.6,1011.8,12.9,90,0
2025-04-08T22:00,22.2,96,1010.6,1011.8,12.2,93,0
2025-04-08T23:00,22.1,96,1010.7,1011.9,12.3,100,0
2025-04-09T00:00,22.9,94,1010.9,1012.1,11.3,83,0
2025-04-09T01:00,24.2,88,1011.8,1013.0,15.1,81,0
2025-04-09T02:00,25.5,82,1011.7,1012.9,15.3,87,0
2025-04-09T03:00,26.3,80,1011.5,1012.7,14.9,89,0
2025-04-09T04:00,27.5,74,1010.7,1011.8,15.2,95,0
2025-04-09T05:00,28.3,72,1009.7,1010.8,14.8,87,0
2025-04-09T06:00,28.1,72,1008.7,1009.8,12.2,94,0
2025-04-09T07:00,28.9,70,1007.5,1008.6,13.5,89,0
2025-04-09T08:00,28.7,70,1006.6,1007.7,13.8,96,0
2025-04-09T09:00,28.1,72,1006.6,1007.7,14.9,93,3
2025-04-09T10:00,27.3,74,1006.2,1007.3,15.6,100,0
2025-04-09T11:00,26.2,78,1006.5,1007.6,16.8,92,0
2025-04-09T12:00,25.4,82,1006.5,1007.7,13.9,92,0
2025-04-09T13:00,24.6,85,1007.4,1008.6,14.8,100,0
2025-04-09T14:00,24.1,87,1007.9,1009.1,15.0,100,0
2025-04-09T15:00,23.6,89,1008.0,1009.2,13.8,100,0
2025-04-09T16:00,23.3,91,1008.3,1009.5,12.6,100,0
2025-04-09T17:00,22.9,91,1008.2,1009.4,12.6,100,0
2025-04-09T18:00,22.9,92,1007.4,1008.6,11.1,100,3
2025-04-09T19:00,22.7,92,1007.0,1008.2,10.7,100,0
2025-04-09T20:00,22.7,93,1006.3,1007.5,8.9,100,0
2025-04-09T21:00,22.7,93,1006.3,1007.5,8.4,100,0
2025-04-09T22:00,22.6,94,1006.4,1007.6,7.2,99,3
2025-04-09T23:00,22.6,94,1006.7,1007.9,7.5,96,0
2025-04-10T00:00,22.9,94,1007.2,1008.4,6.8,99,0
2025-04-10T01:00,23.7,91,1007.9,1009.1,8.8,97,3
2025-04-10T02:00,25.2,85,1007.7,1008.9,6.9,94,0
2025-04-10T03:00,26.7,79,1007.6,1008.7,5.5,96,0
2025-04-10T04:00,27.7,75,1007.0,1008.1,5.4,93,0
2025-04-10T05:00,28.8,70,1006.2,1007.3,5.6,82,0
2025-04-10T06:00,28.4,74,1005.2,1006.3,8.9,84,0
2025-04-10T07:00,29.3,69,1003.8,1004.9,10.4,79,0
2025-04-10T08:00,29.3,69,1002.9,1004.0,12.9,83,0
2025-04-10T09:00,28.8,70,1002.6,1003.7,15.1,97,0
2025-04-10T10:00,26.7,82,1002.7,1003.8,18.9,100,0
2025-04-10T11:00,25.6,85,1003.4,1004.5,16.6,99,0
2025-04-10T12:00,24.5,89,1003.7,1004.9,14.8,86,0
2025-04-10T13:00,23.9,91,1004.6,1005.8,14.6,80,0
2025-04-10T14:00,23.4,93,1004.9,1006.1,14.5,92,0
2025-04-10T15:00,23.1,94,1005.4,1006.6,13.5,99,0
2025-04-10T16:00,23.0,94,1005.2,1006.4,12.5,94,0
2025-04-10T17:00,22.8,94,1004.9,1006.1,12.1,93,0
2025-04-10T18:00,23.1,94,1004.3,1005.5,9.4,91,0
2025-04-10T19:00,23.1,94,1003.8,1005.0,8.0,94,0
2025-04-10T20:00,23.2,94,1003.5,1004.7,7.1,100,0
2025-04-10T21:00,23.1,95,1003.6,1004.8,6.0,100,0
2025-04-10T22:00,23.1,96,1003.9,1005.1,5.7,100,0
2025-04-10T23:00,23.1,96,1004.2,1005.4,6.4,93,0
2025-04-11T00:00,23.5,95,1005.0,1006.2,7.4,96,0
2025-04-11T01:00,24.3,91,1005.7,1006.9,10.7,92,0
2025-04-11T02:00,25.6,85,1006.0,1007.2,9.9,96,0
2025-04-11T03:00,26.7,81,1006.1,1007.2,9.7,100,0
2025-04-11T04:00,28.1,75,1005.4,1006.5,9.3,100,0
2025-04-11T05:00,29.7,70,1004.3,1005.4,9.2,100,0
2025-04-11T06:00,29.2,74,1004.0,1005.1,6.6,98,0
2025-04-11T07:00,30.2,69,1002.5,1003.6,7.7,100,0
2025-04-11T08:00,30.5,69,1001.7,1002.8,8.2,100,0
2025-04-11T09:00,30.3,70,1001.1,1002.2,10.0,100,0
2025-04-11T10:00,29.3,76,1001.3,1002.4,11.2,100,0
2025-04-11T11:00,27.3,85,1002.5,1003.6,14.2,100,0
2025-04-11T12:00,26.1,90,1002.9,1004.0,11.9,100,0
2025-04-11T13:00,25.4,93,1003.7,1004.8,10.4,100,0
2025-04-11T14:00,25.0,94,1004.2,1005.4,10.2,70,0
2025-04-11T15:00,24.6,94,1004.3,1005.5,10.8,65,0
2025-04-11T16:00,24.3,95,1004.2,1005.4,10.8,61,0
2025-04-11T17:00,24.1,95,1003.5,1004.7,10.6,100,0
2025-04-11T18:00,24.2,95,1003.4,1004.6,8.4,60,0
2025-04-11T19:00,24.0,96,1002.6,1003.8,7.4,66,0
2025-04-11T20:00,23.8,96,1002.7,1003.9,7.5,62,0
2025-04-11T21:00,23.7,96,1002.7,1003.9,6.3,100,0
2025-04-11T22:00,23.6,96,1003.4,1004.6,5.9,100,0
2025-04-11T23:00,23.5,97,1003.8,1005.0,5.1,100,0
2025-04-12T00:00,24.1,95,1005.0,1006.2,6.5,100,0
2025-04-12T01:00,25.5,89,1006.0,1007.2,5.4,100,0
2025-04-12T02:00,26.6,86,1007.3,1008.4,3.3,100,0
2025-04-12T03:00,27.2,84,1007.1,1008.2,4.2,100,0
2025-04-12T04:00,27.6,83,1007.0,1008.1,4.7,100,0
2025-04-12T05:00,28.5,80,1006.1,1007.2,5.0,97,3
2025-04-12T06:00,29.3,77,1006.3,1007.4,3.7,92,3
2025-04-12T07:00,29.5,77,1005.0,1006.1,4.7,98,10
2025-04-12T08:00,28.7,78,1006.1,1007.2,16.8,100,48
2025-04-12T09:00,26.8,66,1006.6,1007.7,22.1,100,65
2025-04-12T10:00,25.7,62,1008.1,1009.3,29.0,100,80
2025-04-12T11:00,24.3,60,1010.7,1011.9,18.4,100,73
2025-04-12T12:00,23.3,74,1011.2,1012.4,11.2,100,55
2025-04-12T13:00,21.9,81,1014.1,1015.3,10.1,100,70
2025-04-12T14:00,21.3,80,1015.1,1016.3,9.2,100,63
2025-04-12T15:00,21.4,76,1015.9,1017.1,6.4,100,38
2025-04-12T16:00,21.5,74,1016.0,1017.2,4.6,100,25
2025-04-12T17:00,21.6,74,1015.9,1017.1,2.5,100,35
2025-04-12T18:00,22.2,73,1015.5,1016.7,5.6,100,20
2025-04-12T19:00,21.9,71,1014.8,1016.0,5.4,100,20
2025-04-12T20:00,21.8,72,1015.0,1016.2,5.0,100,8
2025-04-12T21:00,21.7,71,1015.0,1016.2,4.0,100,0
2025-04-12T22:00,21.8,68,1015.9,1017.1,2.7,100,0
2025-04-12T23:00,21.8,66,1016.1,1017.3,2.7,100,0
2025-04-13T00:00,21.5,68,1017.7,1018.9,6.1,100,0
2025-04-13T01:00,21.8,67,1018.4,1019.6,5.5,100,0
2025-04-13T02:00,22.6,65,1019.0,1020.2,7.3,97,3
2025-04-13T03:00,23.4,65,1019.0,1020.2,10.1,81,3
2025-04-13T04:00,24.1,56,1018.4,1019.6,13.2,79,0
2025-04-13T05:00,24.7,48,1017.4,1018.6,12.4,80,0
2025-04-13T06:00,26.1,40,1015.5,1016.7,10.1,75,0
2025-04-13T07:00,26.1,42,1014.2,1015.4,10.1,70,0
2025-04-13T08:00,26.3,42,1013.2,1014.4,9.0,79,0
2025-04-13T09:00,26.2,44,1012.8,1014.0,8.0,100,0
2025-04-13T10:00,25.7,45,1012.3,1013.5,6.5,100,0
2025-04-13T11:00,25.0,49,1012.6,1013.8,3.3,100,0
2025-04-13T12:00,24.1,55,1012.9,1014.1,2.9,100,0
2025-04-13T13:00,23.5,58,1013.9,1015.1,2.9,100,0
2025-04-13T14:00,23.2,60,1014.4,1015.6,2.4,100,0
2025-04-13T15:00,22.9,63,1014.8,1016.0,1.8,100,0
2025-04-13T16:00,22.3,65,1014.3,1015.5,4.5,88,0
2025-04-13T17:00,20.7,72,1014.0,1015.2,9.8,93,0
2025-04-13T18:00,20.2,75,1014.0,1015.2,8.5,100,0
2025-04-13T19:00,20.1,74,1013.4,1014.6,7.1,100,0
2025-04-13T20:00,19.9,74,1013.4,1014.6,5.9,100,0
2025-04-13T21:00,19.7,75,1013.2,1014.4,4.6,100,0
2025-04-13T22:00,19.6,76,1012.9,1014.1,3.6,100,0
2025-04-13T23:00,19.5,76,1013.3,1014.5,3.1,96,0
2025-04-14T00:00,20.2,75,1014.5,1015.7,2.5,100,0
2025-04-14T01:00,21.5,72,1015.9,1017.1,4.0,100,5
2025-04-14T02:00,22.9,66,1016.3,1017.5,4.3,100,5
2025-04-14T03:00,24.0,63,1016.5,1017.7,2.5,100,5
2025-04-14T04:00,25.1,59,1015.5,1016.7,1.1,100,5
2025-04-14T05:00,26.0,54,1014.6,1015.8,2.5,100,0
2025-04-14T06:00,27.3,49,1013.5,1014.7,2.6,100,0
2025-04-14T07:00,27.6,48,1012.6,1013.8,3.1,100,3
2025-04-14T08:00,27.9,47,1011.8,1012.9,4.6,100,3
2025-04-14T09:00,27.8,48,1011.1,1012.2,5.1,100,3
2025-04-14T10:00,27.5,48,1010.7,1011.8,4.1,100,0
2025-04-14T11:00,26.6,52,1010.7,1011.9,3.6,65,0
2025-04-14T12:00,25.7,57,1010.9,1012.1,3.6,9,0
2025-04-14T13:00,24.7,61,1012.1,1013.3,3.5,79,0
2025-04-14T14:00,23.9,65,1012.5,1013.7,4.9,100,0
2025-04-14T15:00,23.2,70,1012.9,1014.1,5.3,100,0
2025-04-14T16:00,22.6,75,1012.7,1013.9,3.7,92,0
2025-04-14T17:00,22.0,79,1012.6,1013.8,3.3,67,0
2025-04-14T18:00,21.3,84,1012.3,1013.5,3.2,100,0
2025-04-14T19:00,21.0,85,1011.8,1013.0,3.1,100,0
2025-04-14T20:00,20.4,88,1011.6,1012.8,3.1,89,0
2025-04-14T21:00,19.9,91,1011.5,1012.7,2.5,100,0
2025-04-14T22:00,19.7,92,1011.4,1012.6,1.3,100,0
2025-04-14T23:00,19.6,93,1011.5,1012.7,1.6,100,0
2025-04-15T00:00,20.1,92,1012.9,1014.1,2.8,100,0
2025-04-15T01:00,22.2,83,1013.5,1014.7,3.9,100,0
2025-04-15T02:00,24.5,74,1013.7,1014.9,4.9,100,0
2025-04-15T03:00,26.7,63,1013.4,1014.6,5.0,100,0
2025-04-15T04:00,28.7,53,1012.5,1013.6,4.8,57,0
2025-04-15T05:00,30.3,48,1011.1,1012.2,3.3,12,0
2025-04-15T06:00,32.0,39,1010.2,1011.3,1.8,100,0
2025-04-15T07:00,32.7,32,1008.7,1009.8,3.0,0,0
2025-04-15T08:00,33.1,31,1008.4,1009.5,6.9,0,0
2025-04-15T09:00,32.9,30,1007.8,1008.9,10.9,0,0
2025-04-15T10:00,32.0,30,1008.1,1009.2,12.4,100,0
2025-04-15T11:00,29.9,40,1008.2,1009.3,11.5,0,0
2025-04-15T12:00,28.2,47,1008.3,1009.4,13.7,2,0
2025-04-15T13:00,26.0,58,1009.1,1010.3,13.5,0,0
2025-04-15T14:00,24.3,62,1009.8,1011.0,12.0,3,0
2025-04-15T15:00,23.1,65,1010.4,1011.6,11.2,100,0
2025-04-15T16:00,22.3,69,1010.6,1011.8,11.0,100,0
2025-04-15T17:00,21.8,73,1010.4,1011.6,10.5,100,0
2025-04-15T18:00,21.2,80,1009.8,1011.0,9.8,97,0
2025-04-15T19:00,20.9,82,1009.0,1010.2,10.0,100,0
2025-04-15T20:00,20.6,85,1008.8,1010.0,10.1,100,0
2025-04-15T21:00,20.4,86,1008.6,1009.8,9.7,100,0
2025-04-15T22:00,20.2,88,1008.6,1009.8,8.7,100,0
2025-04-15T23:00,20.1,89,1008.8,1010.0,8.1,100,0
2025-04-16T00:00,20.9,87,1009.4,1010.6,5.9,100,0
2025-04-16T01:00,22.6,80,1010.1,1011.3,8.2,100,0
2025-04-16T02:00,24.6,72,1010.4,1011.6,9.2,32,0
2025-04-16T03:00,26.8,60,1009.9,1011.1,10.9,63,0
2025-04-16T04:00,28.7,51,1009.0,1010.1,11.8,12,0
2025-04-16T05:00,30.1,44,1007.6,1008.7,12.8,100,0
2025-04-16T06:00,31.6,37,1006.9,1008.0,11.6,85,0
2025-04-16T07:00,32.1,37,1005.4,1006.5,12.7,100,0
2025-04-16T08:00,32.2,38,1004.4,1005.5,14.3,98,0
2025-04-16T09:00,31.6,39,1003.7,1004.8,15.5,100,0
2025-04-16T10:00,30.2,42,1003.6,1004.7,15.7,100,0
2025-04-16T11:00,28.4,45,1004.2,1005.3,16.1,100,0
2025-04-16T12:00,26.9,49,1004.5,1005.6,14.5,100,0
2025-04-16T13:00,25.5,54,1005.7,1006.9,14.4,92,0
2025-04-16T14:00,24.3,69,1006.3,1007.5,14.6,0,0
2025-04-16T15:00,23.6,78,1007.0,1008.2,14.2,50,0
2025-04-16T16:00,23.2,84,1007.0,1008.2,13.8,100,0
2025-04-16T17:00,22.9,87,1006.5,1007.7,13.2,100,0
2025-04-16T18:00,22.9,90,1005.9,1007.1,11.2,100,0
2025-04-16T19:00,22.8,91,1004.8,1006.0,9.6,100,0
2025-04-16T20:00,22.8,92,1005.1,1006.3,8.7,100,0
2025-04-16T21:00,22.8,93,1004.9,1006.1,9.3,95,0
2025-04-16T22:00,22.8,93,1005.5,1006.7,8.9,100,0
2025-04-16T23:00,22.8,94,1005.3,1006.5,6.2,100,0
2025-04-17T00:00,23.7,89,1006.5,1007.7,7.4,98,0
2025-04-17T01:00,25.1,82,1006.9,1008.1,8.4,100,0
2025-04-17T02:00,26.5,76,1007.6,1008.7,7.6,100,0
2025-04-17T03:00,28.5,68,1007.3,1008.4,6.4,100,0
2025-04-17T04:00,30.2,63,1006.5,1007.6,7.2,85,0
2025-04-17T05:00,31.7,60,1005.2,1006.3,10.4,99,0
2025-04-17T06:00,32.5,58,1003.7,1004.8,12.4,88,0
2025-04-17T07:00,33.2,56,1002.4,1003.5,14.0,100,0
2025-04-17T08:00,33.3,56,1001.5,1002.6,15.3,57,0
2025-04-17T09:00,32.6,59,1001.1,1002.2,15.8,34,0
2025-04-17T10:00,31.0,65,1001.2,1002.3,15.9,24,0
2025-04-17T11:00,29.2,71,1001.7,1002.8,14.8,5,0
2025-04-17T12:00,27.5,77,1002.6,1003.7,14.6,3,0
2025-04-17T13:00,26.2,82,1003.3,1004.4,14.1,24,0
2025-04-17T14:00,25.4,86,1004.1,1005.2,13.3,36,0
2025-04-17T15:00,24.8,88,1004.1,1005.3,13.3,46,0
2025-04-17T16:00,24.6,89,1003.9,1005.1,12.8,43,0
2025-04-17T17:00,24.4,90,1003.7,1004.9,11.6,43,0
2025-04-17T18:00,24.1,92,1003.4,1004.6,10.0,47,0
2025-04-17T19:00,23.9,93,1003.1,1004.3,8.3,60,0
2025-04-17T20:00,23.7,94,1002.9,1004.1,7.6,69,0
2025-04-17T21:00,23.7,95,1003.1,1004.3,7.0,73,0
2025-04-17T22:00,23.7,95,1003.5,1004.7,7.2,77,0
2025-04-17T23:00,23.7,95,1004.1,1005.3,6.8,79,0
2025-04-18T00:00,24.3,92,1004.9,1006.1,8.7,87,0
2025-04-18T01:00,26.0,84,1005.8,1006.9,7.9,86,0
2025-04-18T02:00,27.9,77,1006.2,1007.3,6.9,53,0
2025-04-18T03:00,29.8,71,1006.0,1007.1,5.5,46,0
2025-04-18T04:00,31.8,66,1005.4,1006.5,5.6,26,0
2025-04-18T05:00,34.0,60,1004.3,1005.4,7.4,24,0
2025-04-18T06:00,36.1,51,1002.9,1004.0,10.5,3,0
2025-04-18T07:00,37.5,44,1001.4,1002.5,9.7,10,8
2025-04-18T08:00,37.3,44,1000.3,1001.4,9.4,100,18
2025-04-18T09:00,33.9,57,1000.9,1002.0,12.7,100,25
2025-04-18T10:00,32.9,59,1001.0,1002.1,7.9,40,8
2025-04-18T11:00,32.6,60,1001.1,1002.2,5.6,15,8
2025-04-18T12:00,31.7,64,1001.7,1002.8,9.7,100,0
2025-04-18T13:00,30.4,69,1002.4,1003.5,12.5,99,0
2025-04-18T14:00,29.1,71,1003.4,1004.5,13.8,100,0
2025-04-18T15:00,28.1,73,1004.0,1005.1,13.6,100,0
2025-04-18T16:00,27.4,77,1004.1,1005.2,13.3,69,0
2025-04-18T17:00,26.7,80,1003.6,1004.7,12.7,90,0
2025-04-18T18:00,26.0,83,1003.2,1004.3,12.0,80,0
2025-04-18T19:00,25.5,86,1002.8,1003.9,10.5,78,0
2025-04-18T20:00,25.0,89,1002.7,1003.8,9.7,45,0
2025-04-18T21:00,24.6,91,1002.8,1004.0,9.0,38,0
2025-04-18T22:00,24.4,92,1003.3,1004.5,7.6,39,0
2025-04-18T23:00,24.3,92,1004.1,1005.3,6.9,45,0
2025-04-19T00:00,25.2,88,1005.2,1006.4,8.9,64,0
2025-04-19T01:00,26.8,82,1006.3,1007.4,8.7,37,0
2025-04-19T02:00,28.6,76,1006.7,1007.8,7.7,38,0
2025-04-19T03:00,30.8,70,1006.5,1007.6,7.4,49,0
2025-04-19T04:00,32.7,65,1005.6,1006.7,7.8,20,0
2025-04-19T05:00,34.7,58,1004.3,1005.4,7.1,31,0
2025-04-19T06:00,36.4,49,1002.9,1004.0,7.0,23,0
2025-04-19T07:00,37.6,43,1001.8,1002.9,6.6,9,8
2025-04-19T08:00,37.8,40,1001.2,1002.3,7.6,98,19
2025-04-19T09:00,37.4,42,1001.0,1002.1,11.9,100,25
2025-04-19T10:00,35.3,51,1001.2,1002.3,13.7,100,20
2025-04-19T11:00,33.6,57,1001.7,1002.8,14.7,13,11
2025-04-19T12:00,31.1,64,1002.9,1004.0,15.4,2,3
2025-04-19T13:00,29.4,70,1003.8,1004.9,15.1,27,0
2025-04-19T14:00,28.3,74,1004.6,1005.7,14.6,42,0
2025-04-19T15:00,27.4,77,1005.2,1006.3,13.8,37,0
2025-04-19T16:00,26.8,80,1005.2,1006.3,14.3,62,0
2025-04-19T17:00,26.3,83,1004.9,1006.0,14.0,92,0
2025-04-19T18:00,25.9,84,1004.8,1005.9,13.8,94,0
2025-04-19T19:00,25.7,86,1004.6,1005.7,13.9,90,0
2025-04-19T20:00,25.4,87,1004.4,1005.5,13.2,55,0
2025-04-19T21:00,25.0,88,1004.5,1005.7,12.2,49,0
2025-04-19T22:00,24.8,89,1005.0,1006.2,11.2,63,2
2025-04-19T23:00,24.7,90,1005.8,1007.0,10.0,68,3
2025-04-20T00:00,25.4,87,1006.9,1008.1,12.0,83,3
2025-04-20T01:00,26.8,81,1007.7,1008.8,11.1,92,3
2025-04-20T02:00,28.7,74,1008.0,1009.1,9.4,88,1
2025-04-20T03:00,30.6,68,1007.9,1009.0,8.2,40,0
2025-04-20T04:00,32.1,64,1007.4,1008.5,8.8,52,0
2025-04-20T05:00,33.7,59,1006.4,1007.5,10.7,58,0
2025-04-20T06:00,34.9,56,1005.2,1006.3,12.8,83,0
2025-04-20T07:00,35.4,54,1004.3,1005.4,13.9,89,3
2025-04-20T08:00,35.3,53,1003.4,1004.5,15.0,94,7
2025-04-20T09:00,34.7,54,1003.0,1004.1,15.5,100,13
2025-04-20T10:00,33.2,59,1003.3,1004.4,15.5,100,18
2025-04-20T11:00,31.1,65,1004.0,1005.1,14.9,100,22
2025-04-20T12:00,29.3,71,1004.7,1005.8,14.5,100,23
2025-04-20T13:00,28.1,75,1005.5,1006.6,14.3,83,22
2025-04-20T14:00,27.3,78,1006.3,1007.4,13.8,67,18
2025-04-20T15:00,26.5,81,1006.8,1007.9,13.5,50,13
2025-04-20T16:00,25.9,84,1006.6,1007.8,13.2,46,8
2025-04-20T17:00,25.4,86,1006.2,1007.4,13.0,41,3
2025-04-20T18:00,25.1,88,1005.8,1007.0,12.8,37,0
2025-04-20T19:00,24.8,89,1005.6,1006.8,12.5,41,0
2025-04-20T20:00,24.6,89,1005.5,1006.7,12.3,45,0
2025-04-20T21:00,24.5,89,1005.6,1006.8,12.0,49,0
2025-04-20T22:00,24.4,89,1006.1,1007.3,12.0,51,0
2025-04-20T23:00,24.4,90,1006.8,1008.0,12.3,54,0
2025-04-21T00:00,25.0,88,1007.4,1008.6,12.1,56,0
2025-04-21T01:00,26.5,83,1008.1,1009.2,11.1,54,0
2025-04-21T02:00,28.6,76,1008.5,1009.6,10.3,51,0
2025-04-21T03:00,30.8,69,1008.5,1009.6,9.3,49,0
2025-04-21T04:00,33.0,61,1007.7,1008.8,9.0,40,0
2025-04-21T05:00,35.4,52,1006.3,1007.4,9.6,30,0
2025-04-21T06:00,37.0,46,1005.1,1006.2,10.1,21,0
2025-04-21T07:00,37.8,43,1004.0,1005.1,10.6,47,1
2025-04-21T08:00,37.9,41,1003.1,1004.2,11.6,74,3
2025-04-21T09:00,37.3,43,1002.6,1003.7,12.6,100,6
2025-04-21T10:00,35.6,49,1002.9,1004.0,13.8,100,8
2025-04-21T11:00,33.2,58,1003.6,1004.7,15.4,100,9
2025-04-21T12:00,31.0,65,1004.4,1005.5,16.4,100,10
2025-04-21T13:00,29.6,70,1005.2,1006.3,16.2,68,9
2025-04-21T14:00,28.4,73,1006.0,1007.1,15.8,37,8
2025-04-21T15:00,27.5,76,1006.5,1007.6,15.1,5,6
2025-04-21T16:00,26.7,79,1006.4,1007.5,14.8,13,3
2025-04-21T17:00,26.2,82,1006.0,1007.1,14.5,20,1
2025-04-21T18:00,25.7,84,1005.6,1006.8,14.1,28,0
2025-04-21T19:00,25.3,86,1005.4,1006.6,13.2,32,4
2025-04-21T20:00,25.0,86,1005.2,1006.4,11.5,35,3
2025-04-21T21:00,24.8,87,1005.3,1006.5,10.2,39,2
2025-04-21T22:00,24.6,88,1005.9,1007.1,9.5,40,1
2025-04-21T23:00,24.7,88,1006.7,1007.9,9.3,40,0
2025-04-22T00:00,25.3,86,1007.4,1008.6,8.9,41,0
2025-04-22T01:00,26.8,81,1007.9,1009.0,7.6,39,0
2025-04-22T02:00,28.8,73,1008.2,1009.3,6.1,36,0
2025-04-22T03:00,31.1,66,1007.9,1009.0,5.2,34,1
2025-04-22T04:00,33.6,59,1006.9,1008.0,5.4,23,1
2025-04-22T05:00,36.2,51,1005.3,1006.4,6.6,11,2
2025-04-22T06:00,38.2,45,1003.9,1005.0,7.6,0,3
2025-04-22T07:00,39.5,40,1002.7,1003.8,8.0,18,4
2025-04-22T08:00,40.2,37,1001.5,1002.6,8.4,35,5
2025-04-22T09:00,39.9,37,1000.9,1002.0,9.4,53,6
2025-04-22T10:00,38.2,42,1001.0,1002.1,11.3,69,7
2025-04-22T11:00,35.5,51,1001.6,1002.7,14.8,84,7
2025-04-22T12:00,33.1,58,1002.3,1003.4,17.6,100,8
2025-04-22T13:00,31.3,63,1003.1,1004.2,18.1,85,9
2025-04-22T14:00,29.8,67,1004.0,1005.1,17.3,69,9
2025-04-22T15:00,28.6,71,1004.6,1005.7,16.1,54,10
2025-04-22T16:00,27.6,75,1004.5,1005.6,15.3,41,10
2025-04-22T17:00,26.9,78,1004.0,1005.1,14.3,28,11
2025-04-22T18:00,26.4,81,1003.7,1004.8,13.0,15,11
2025-04-22T19:00,25.9,83,1003.8,1004.9,11.6,35,11
2025-04-22T20:00,25.6,85,1004.1,1005.2,10.5,56,12
2025-04-22T21:00,25.4,86,1004.6,1005.7,10.2,76,12
2025-04-22T22:00,25.5,86,1005.3,1006.5,9.7,76,12
2025-04-22T23:00,25.8,85,1006.3,1007.5,9.1,75,13
2025-04-23T00:00,26.4,82,1007.3,1008.4,9.0,75,13
2025-04-23T01:00,27.8,76,1007.9,1009.0,8.9,78,13
2025-04-23T02:00,29.5,69,1008.4,1009.5,8.7,80,13
2025-04-23T03:00,30.9,64,1008.5,1009.6,8.7,83,13
2025-04-23T04:00,31.6,62,1008.1,1009.2,8.8,76,13
2025-04-23T05:00,31.8,62,1007.3,1008.4,9.8,70,13
2025-04-23T06:00,32.0,61,1006.5,1007.6,10.7,63,13
2025-04-23T07:00,32.3,59,1005.8,1006.9,11.0,75,13
2025-04-23T08:00,32.6,56,1005.1,1006.2,11.3,88,13
2025-04-23T09:00,32.5,54,1004.8,1005.9,11.0,100,13
2025-04-23T10:00,32.1,54,1005.0,1006.1,9.7,100,13
2025-04-23T11:00,31.3,56,1005.6,1006.7,7.9,100,13
2025-04-23T12:00,30.4,59,1006.3,1007.4,6.0,100,13
2025-04-23T13:00,29.4,63,1007.1,1008.2,5.6,100,13
2025-04-23T14:00,28.3,69,1008.1,1009.2,7.9,100,13
2025-04-23T15:00,27.3,74,1008.7,1009.8,10.3,100,13
2025-04-23T16:00,26.4,78,1008.8,1010.0,11.0,100,13
2025-04-23T17:00,25.7,81,1008.7,1009.9,10.9,100,14
2025-04-23T18:00,25.2,83,1008.5,1009.7,10.0,100,14
2025-04-23T19:00,24.8,84,1008.2,1009.4,8.5,100,14
2025-04-23T20:00,24.6,84,1007.8,1009.0,6.3,100,14
2025-04-23T21:00,24.5,84,1007.7,1008.9,4.9,100,14
2025-04-23T22:00,24.4,85,1008.0,1009.2,4.3,100,14
2025-04-23T23:00,24.3,86,1008.5,1009.7,4.9,100,15
